city,hex,auc_inf,auc_cap
amsterdam,881969c9b7fffff,9.32843295530875,27.848328383350108
amsterdam,881969526bfffff,3.1167642060750587,34.456770583291224
amsterdam,881969526dfffff,5.113762523081477,73.17018293345971
amsterdam,8819695265fffff,7.429590180580002,70.28288607263563
amsterdam,8819695269fffff,6.75188502592156,27.696035672591204
amsterdam,881969c9b3fffff,12.628425379994148,35.806317115953675
amsterdam,8819695343fffff,7.028889383909715,32.064324227065576
amsterdam,881969535dfffff,6.143991405148248,67.50497231123933
amsterdam,8819695355fffff,4.95554471666607,25.38341005569314
amsterdam,8819695309fffff,4.7777674440395455,18.006930047148362
amsterdam,881969c9bbfffff,15.59478447878167,71.76186055207278
amsterdam,881969c9b5fffff,6.9664221331278915,9.618072562577446
amsterdam,8819695351fffff,5.78494254546521,40.18391631070941
amsterdam,881969530bfffff,6.491556650829599,30.216487761896044
amsterdam,881969c983fffff,4.5651148883683845,83.86358105373681
amsterdam,8819695357fffff,4.41598283385883,28.098890589922004
amsterdam,8819695251fffff,0.93762556951152,6.240926428410628
amsterdam,8819695259fffff,3.683391758519544,26.933031686557307
amsterdam,881969534bfffff,3.46965422337427,36.710721859553075
amsterdam,8819695245fffff,3.0964590213129606,34.141070558113505
amsterdam,881969524bfffff,3.002620071424819,85.20378338436099
amsterdam,8819695243fffff,3.662938689563958,30.08281677145585
amsterdam,8819695249fffff,1.4294698930513174,9.384421181399977
amsterdam,881969520bfffff,10.092989158827603,88.98039798153984
amsterdam,881969525dfffff,1.8168375783718043,7.120138437270911
amsterdam,881968269bfffff,9.115742133594617,43.435747138417554
amsterdam,881969c9a7fffff,2.289066274472981,17.258661378675402
amsterdam,8819695349fffff,3.0256213461977626,26.890475211243746
amsterdam,8819695241fffff,3.042141321814152,24.126075491593042
amsterdam,8819695247fffff,3.2255673232246216,24.38954627795211
amsterdam,8819682699fffff,4.960924549361835,70.24130299674351
amsterdam,881969c9a5fffff,3.0815569381345274,18.991459514831856
amsterdam,881969c9bdfffff,7.3564401072255166,41.06672481797611
amsterdam,881969c993fffff,3.8515930807273624,35.09045883139058
amsterdam,881969522dfffff,6.171256029238745,40.55768162338076
amsterdam,8819695267fffff,5.485310518540182,34.653465242485275
amsterdam,8819695315fffff,2.707758508468699,31.875913232413787
amsterdam,8819695311fffff,4.1624386354967475,19.88861838193865
amsterdam,8819695207fffff,1.1574382170745932,56.84209723551522
amsterdam,8819695049fffff,2.265584465943461,79.10735462215233
amsterdam,881969531bfffff,3.095394780289096,61.34348348764861
amsterdam,881969c9a1fffff,1.6006338232979929,22.791193627353103
amsterdam,8819695301fffff,6.343572227920866,26.942031257350667
amsterdam,8819695347fffff,5.875654156349849,16.482255874148066
amsterdam,881969530dfffff,6.1247229663748275,82.25473611780124
amsterdam,8819695345fffff,4.975336721201346,28.84019058624733
amsterdam,8819695209fffff,2.5073576516727614,42.157624825284955
amsterdam,881969505dfffff,0.22591808129220686,0.22591808129220686
amsterdam,8819695237fffff,0.0,0.0
amsterdam,881969504bfffff,2.078039961325044,22.98990563343195
amsterdam,8819695061fffff,0.945226269992507,3.596876699442061
amsterdam,8819695043fffff,0.0,0.0
amsterdam,881969506bfffff,0.4322125361024577,0.4322125361024577
amsterdam,8819695045fffff,7.033427873820651,25.50342654660716
amsterdam,8819695069fffff,7.382008574383012,25.943561580529895
amsterdam,8819695041fffff,4.233813208813157,25.447016644409583
amsterdam,8819695235fffff,0.0,0.0
amsterdam,881969504dfffff,3.5140746840107915,48.5921319846532
amsterdam,8819695313fffff,5.522856045387397,52.23436669094996
amsterdam,881969514bfffff,1.741673243964752,1.741673243964752
amsterdam,8819695317fffff,2.5571081264850437,52.030953989499906
amsterdam,8819695231fffff,0.09917527082462443,5.385320779849883
amsterdam,881969533bfffff,2.3768626717987464,47.45491997244116
amsterdam,8819695149fffff,1.5597136741165725,28.07621796861211
amsterdam,881969523dfffff,2.429438085846192,18.11319908349856
amsterdam,8819695227fffff,4.766741269464307,70.29114302237502
amsterdam,8819695223fffff,3.167656370754314,84.55898265426259
amsterdam,881969514dfffff,1.750140972858462,7.05344183175757
amsterdam,8819695331fffff,7.190926541717579,51.777891304788895
amsterdam,8819695239fffff,2.864216952080452,26.729070817126434
amsterdam,8819695335fffff,4.563278113571155,36.38308326696579
amsterdam,8819695339fffff,7.0174722469047595,27.044839242753536
amsterdam,8819695215fffff,0.0,5.3033008588991075
amsterdam,881969521dfffff,1.8637366599093623,7.167037518808472
amsterdam,8819695203fffff,7.035801718304165,36.20395644224926
amsterdam,8819695323fffff,5.30971309710819,71.44236882567215
amsterdam,8819695221fffff,1.8177659850487697,54.85077457403983
amsterdam,8819695327fffff,2.9502455243872547,55.67174686875959
amsterdam,881969522bfffff,3.7890141717482515,14.395615889546464
amsterdam,881968249bfffff,2.0144619724290025,39.13756798472275
amsterdam,881969533dfffff,2.3015764644384284,28.51287833613642
amsterdam,8819695319fffff,4.1741841928873065,54.02090684996337
amsterdam,881969531dfffff,4.657675299642295,28.490050226593027
amsterdam,8819695303fffff,4.6852951157182074,23.072082849113087
amsterdam,881969cd67fffff,5.679314929668163,21.48207886146923
amsterdam,8819695225fffff,3.6460241739526937,8.949325032851801
amsterdam,8819695307fffff,2.3007840678974723,47.35068487527489
amsterdam,8819695201fffff,7.768986155340813,55.43103330314317
amsterdam,8819682491fffff,1.3301918224866267,3.981842251936181
amsterdam,8819695321fffff,4.567536323073128,25.567560362132806
amsterdam,8819695205fffff,6.4831080740102776,107.13561894982847
amsterdam,881969532bfffff,3.528105573068983,19.362423193072342
amsterdam,8819695229fffff,3.8746633044778704,25.0517710571324
amsterdam,8819695325fffff,4.383911451868591,36.20371660526324
amsterdam,8819682499fffff,3.279562794172554,34.190966022657626
amsterdam,8819695353fffff,6.330421588369665,11.633722447268774
amsterdam,881968249dfffff,8.691582261583191,35.065538242957416
amsterdam,8819695305fffff,10.090169375655279,91.32977372740677
amsterdam,881969cd63fffff,4.648000953530311,64.73784603929055
amsterdam,8819695263fffff,5.159673175265496,36.97947832866014
amsterdam,881969520dfffff,5.759717258513685,29.624571123559672
amsterdam,881969532dfffff,3.765203286251658,51.16072858820214
amsterdam,8819695329fffff,6.435394758315944,67.42335463565568
amsterdam,8819682483fffff,4.480488882098002,4.480488882098002
amsterdam,88196824d3fffff,5.577353552093147,53.3070612821851
amsterdam,881969535bfffff,5.019176655981552,26.175882979468454
amsterdam,88196824d7fffff,4.5738329447046775,23.13538595085155
amsterdam,881969cd61fffff,3.7596654188849854,22.00322358399708
amsterdam,8819695255fffff,2.09108906969749,63.07904894703723
amsterdam,881968248bfffff,3.645757162172297,35.30595892551217
amsterdam,881969cd65fffff,5.248726068102556,45.023482509845856
amsterdam,8819682481fffff,1.9378970066646755,4.58954743611423
amsterdam,8819695363fffff,7.490660044232606,23.342615383292394
amsterdam,8819695367fffff,1.0029040500607664,3.65455447951032
amsterdam,8819695261fffff,9.364063246902461,27.029070049642936
amsterdam,88196824d5fffff,3.1841787838114057,50.84043609157701
amsterdam,88196824dbfffff,8.35019745882542,26.85013057687924
amsterdam,88196824d1fffff,9.714725945573598,38.88288066951869
amsterdam,8819695359fffff,9.759375222061552,28.320928228208427
amsterdam,881969c8b3fffff,4.4737250286987225,46.81698035424372
amsterdam,881969536bfffff,6.602879177655267,67.30947401409574
amsterdam,881969c8b7fffff,0.2827928682608104,13.541045015508576
amsterdam,8819695361fffff,1.5936613514778215,20.1552143576247
amsterdam,881969c8b5fffff,2.896289988092254,24.109493423688683
amsterdam,88196824d9fffff,6.862252891005364,27.819659751857422
amsterdam,8819695341fffff,5.656134526913612,16.262736244711828
amsterdam,881969c8b1fffff,0.0900546184162603,2.7417050478658145
amsterdam,88196824c3fffff,2.6217227089409523,29.138227003436487
amsterdam,881969524dfffff,6.787036310950669,20.04528845819844
amsterdam,881969536dfffff,6.99879686711828,81.04478947650477
amsterdam,88196824ddfffff,0.0,0.0
amsterdam,8819695369fffff,4.383719117151097,51.30836060689061
amsterdam,8819695365fffff,5.164237210383821,23.725790216530697
amsterdam,881969c997fffff,3.823287775305278,32.26970917643223
amsterdam,88196826b3fffff,11.033578167949377,69.27894374005541
amsterdam,88196826b7fffff,5.506996160400248,50.51635781000063
amsterdam,881969c9b1fffff,7.4240905795963235,60.31533534939453
amsterdam,88196824c1fffff,5.006287483059817,34.1744422070049
amsterdam,881969c8a3fffff,2.8141603206733103,31.520256429472084
amsterdam,881969c8bdfffff,1.5145578266844395,14.77280997393221
amsterdam,8819682693fffff,4.906136458102179,15.512738175900395
amsterdam,881969534dfffff,4.211669026713475,20.072676025223466
amsterdam,88196824cbfffff,5.074075471941981,52.61511510220284
amsterdam,88196824c5fffff,2.8121791732060535,10.767130461554713
amsterdam,8819682697fffff,5.569343456013016,26.782546891609446
amsterdam,88196826bbfffff,4.620848561731276,23.18240156787816
amsterdam,881969c991fffff,4.453809451182342,38.506004433635724
amsterdam,88196826b1fffff,6.9552044083700855,44.07831042066384
amsterdam,881969c8a7fffff,0.0,7.954951288348662
amsterdam,88196826b5fffff,2.396986973827949,20.958539979974823
amsterdam,881969c8abfffff,4.341479485720255,28.172618986756483
amsterdam,881969c9b9fffff,2.7237331195503898,22.915516963438932
amsterdam,881969c995fffff,3.495109896693272,22.056662902840145
amsterdam,881969c9a3fffff,2.629920709712278,10.584871998060938
amsterdam,88196824cdfffff,1.9119609557537964,4.56361138520335
amsterdam,88196824c9fffff,1.516550627492499,62.504510504832226
amsterdam,8819682691fffff,5.103787538103181,46.89017149635146
amsterdam,8819682695fffff,3.4519475288695523,58.07275414011306
amsterdam,881969c8a1fffff,3.392805245242255,48.470862545884664
amsterdam,881969c99dfffff,4.0426248881627,30.12847530776293
amsterdam,881969c8a5fffff,7.473684694089462,15.428635982438124
amsterdam,881969c999fffff,4.406695285799894,12.361646574148555
amsterdam,88196826b9fffff,1.0346617944236465,37.67911481510103
amsterdam,88196826bdfffff,1.7056375089553037,1.7056375089553037
amsterdam,881969c9abfffff,4.715231319585121,15.32183303738334
amsterdam,881969c987fffff,2.312087323300655,31.23276802671415
amsterdam,881969c8adfffff,2.891219116511643,34.71102426990628
amsterdam,88196826a3fffff,0.37745652878264035,3.029106958232194
amsterdam,88196826a7fffff,5.018617865999231,7.670268295448786
amsterdam,881969c9d3fffff,3.499456156113039,58.67165240529383
amsterdam,881969c8a9fffff,2.4725893928694926,15.73084154011726
amsterdam,8819682683fffff,1.1295196676531094,6.432820526552218
amsterdam,881968269dfffff,0.6972695386604228,0.6972695386604228
amsterdam,881969c9d7fffff,8.150866093828048,102.9894743072015
amsterdam,881969c98bfffff,4.889351243169145,41.82707485891708
amsterdam,881968241bfffff,7.038423307015764,14.993374595364426
amsterdam,881969c981fffff,4.856664659808898,64.84777507915105
amsterdam,88196826abfffff,1.1622144531921883,3.8138648826417425
amsterdam,881969c9dbfffff,5.237466781161075,39.49181321672544
amsterdam,88196826a1fffff,0.0,13.258252147247767
amsterdam,88196826a5fffff,1.6635734090182064,28.180077703513742
amsterdam,8819682687fffff,0.0,0.0
amsterdam,881969c9adfffff,3.3729288133942124,29.889433107889747
amsterdam,881969c9a9fffff,2.4447778420980675,89.94924201393333
amsterdam,881969c985fffff,1.3148392555158266,11.558991069187213
amsterdam,8819682419fffff,2.1069489622060833,7.41024982110519
amsterdam,88196826d3fffff,0.40812878372078565,11.014730501518999
amsterdam,881969c9d5fffff,3.241492780505517,32.1732791546537
amsterdam,881969c9d1fffff,5.797261381606267,64.1284903182156
amsterdam,8819682685fffff,0.5815582655130286,0.5815582655130286
amsterdam,881969c989fffff,2.867461203611009,31.810260177528402
amsterdam,881969c98dfffff,7.473187651822852,59.83857002731723
amsterdam,88196826d7fffff,0.11825717038227208,10.724858888180488
amsterdam,881969c9e3fffff,3.296966590783095,24.510170026379527
amsterdam,881969c9d9fffff,0.1409791901547291,16.050881766852047
amsterdam,8819682457fffff,0.2956521214364045,2.9473025508859587
amsterdam,881968241dfffff,1.5508719771793689,30.137675240900748
amsterdam,881968240bfffff,0.8336749061416157,3.48532533559117
amsterdam,881969c9c3fffff,10.010488227639206,52.38020717476756
amsterdam,881969c9ddfffff,2.9348420669587028,21.41137004660746
amsterdam,881969c9c7fffff,5.827874278023035,42.82134494725062
amsterdam,881969c9ebfffff,6.427373318357565,56.69977389588209
amsterdam,881969c9e1fffff,2.8728166863799145,23.92178098352918
amsterdam,8819682455fffff,2.651207532941242,7.954508391840349
amsterdam,8819682451fffff,1.24477591437907,27.320260250379853
amsterdam,88196826e1fffff,0.5068226278154547,0.5068226278154547
amsterdam,881969c9c1fffff,3.424405810149406,8.727706669048514
amsterdam,881969c9e5fffff,0.7470445835899799,3.3986950130395335
amsterdam,881969c9c5fffff,2.001561427646734,52.36352455780478
amsterdam,881969c9e9fffff,7.013877424802299,49.44028429599516
amsterdam,881969c9edfffff,12.391126884950316,94.59229019788647
amsterdam,881968245dfffff,1.1795989362925805,19.74115194243945
amsterdam,881969c933fffff,4.173754343129075,6.825404772578629
amsterdam,88196826d9fffff,1.17373124731547,1.17373124731547
amsterdam,881969c937fffff,1.3086615640787291,1.3086615640787291
amsterdam,881969c913fffff,0.559971218462165,3.2116216479117186
amsterdam,881969c93bfffff,2.9669709067900585,5.618621336239611
amsterdam,881969c917fffff,5.164476590652439,38.94179138141896
amsterdam,881969c931fffff,1.7717837912907064,6.707585944299012
amsterdam,881969525bfffff,1.5506822364835284,4.055156484206181
amsterdam,881969cd29fffff,0.0,0.0
amsterdam,881969c8b9fffff,0.0,47.01820934671337
amsterdam,8819695257fffff,0.0,5.3033008588991075
amsterdam,88196824c7fffff,0.0,0.0
amsterdam,8819682489fffff,0.0,0.0
amsterdam,881969c8e7fffff,0.0,0.0
amsterdam,881968248dfffff,2.3630747222692583,14.998797629097146
bogota,8866e42d61fffff,9.12402046678189,27.68557347292877
bogota,8866e42d63fffff,5.664753292248874,40.42764287488884
bogota,8866e42d67fffff,9.998312012064343,30.322753990465507
bogota,8866e42d05fffff,6.723350673546351,6.723350673546351
bogota,8866e092c7fffff,9.149701425025494,22.29903159796961
bogota,8866e0928dfffff,12.395533671109268,32.81268241701342
bogota,8866e092ebfffff,13.886032310322461,21.56572371110752
bogota,8866e092e9fffff,9.965031637429329,59.07741573700218
bogota,8866e092cdfffff,5.055391378645388,27.47867800375526
bogota,8866e42d27fffff,7.407288021778582,33.764546499918154
bogota,8866e09253fffff,5.416812631225705,23.741414366757212
bogota,8866e42d2dfffff,6.773580260767807,16.589717552248537
bogota,8866e092c1fffff,10.89677462151242,83.20797130960352
bogota,8866e42d21fffff,9.560854114104727,22.201812067965765
bogota,8866e09259fffff,6.936359911451504,17.056382365255754
bogota,8866e0925bfffff,3.044489427226487,8.347790286125594
bogota,8866e42d6bfffff,8.11862919985535,39.34079610421062
bogota,8866e42f23fffff,5.685526898275892,34.28365664417536
bogota,8866e42d49fffff,4.170681241332279,27.4087596036342
bogota,8866e42d25fffff,4.433244674513721,19.672643655651562
bogota,8866e42d29fffff,6.960648496823745,16.86494550745593
bogota,8866e09215fffff,8.047974668728372,15.735496652527242
bogota,8866e09239fffff,7.17563441410247,38.30835941653578
bogota,8866e09223fffff,7.176923172518654,44.49171611256855
bogota,8866e09235fffff,10.873331871638856,26.757546624394294
bogota,8866e42d69fffff,10.647655783753978,62.80247281968063
bogota,8866e09219fffff,10.36387748081169,54.46481474484722
bogota,8866e42f21fffff,6.01027434560654,70.5611247760972
bogota,8866e42f29fffff,10.36320191110784,39.00651697113224
bogota,8866e42f2bfffff,4.374347268194733,46.29979051810986
bogota,8866e09251fffff,6.798329012944144,24.821798833851634
bogota,8866e0923bfffff,6.6118884283217065,37.52313864139101
bogota,8866e09049fffff,5.945889067739647,23.807717286095354
bogota,8866e09207fffff,6.55164758073693,27.764851016333356
bogota,8866e0922bfffff,10.883621324547207,29.931873081491805
bogota,8866e09255fffff,3.6116824563235403,32.11097866513023
bogota,8866e0920bfffff,7.59745612532249,67.26199945052502
bogota,8866e09257fffff,8.789935606868312,25.70629588422448
bogota,8866e42a83fffff,12.782550021442235,72.78185024927518
bogota,8866e42ab9fffff,5.375103649452134,26.167606336145937
bogota,8866e42a8bfffff,6.933188245938158,40.715193162205075
bogota,8866e42a89fffff,7.485236312831667,28.565974630051294
bogota,8866e42a95fffff,7.26325818632482,25.285228553375692
bogota,8866e42abbfffff,5.341006949405398,18.463035294041727
bogota,8866e428a1fffff,10.317243913028719,49.52487074302758
bogota,8866e42d65fffff,8.139735111502334,44.61382913645474
bogota,8866e429d3fffff,11.704163250386177,69.90865069124337
bogota,8866e429cbfffff,4.300111646557305,32.09420899684337
bogota,8866e09157fffff,10.461796108250534,55.97067637434955
bogota,8866e09119fffff,8.517922764673692,53.314474005572556
bogota,8866e09021fffff,7.092108596181716,53.02532748926358
bogota,8866e0902bfffff,5.640609699840212,13.21731013517562
bogota,8866e09025fffff,6.230528119030733,29.449771196999208
bogota,8866e09007fffff,9.686659547264679,135.72462945999027
bogota,8866e09003fffff,8.463957397781874,39.61872580738229
bogota,8866e0901dfffff,8.643109010002979,13.946409868902087
bogota,8866e0905bfffff,12.242656169667123,61.2572836483044
bogota,8866e092e5fffff,11.443285571133599,55.51225422953416
bogota,8866e092e1fffff,7.359257500166235,83.54356886684137
bogota,8866e09213fffff,7.668279421818683,23.36950967218473
bogota,8866e429ddfffff,10.998954970430251,65.76502913537685
bogota,8866e429d1fffff,13.128270215973918,39.47401395218039
bogota,8866e428a3fffff,13.178587805052619,34.29877608254378
bogota,8866e42d47fffff,4.527043374901364,24.3143593525867
bogota,8866e42d0dfffff,3.891403634224,16.970225673782494
bogota,8866e42ac3fffff,5.132492845635861,20.675330785594976
bogota,8866e4212bfffff,2.607958539396056,28.022239145262613
bogota,8866e091d1fffff,4.961108097579438,4.961108097579438
bogota,8866e091dbfffff,10.612345547864042,49.4383004704701
bogota,8866e091d9fffff,12.581476393858267,39.37839858450074
bogota,8866e09033fffff,8.600983785132224,41.76038620513116
bogota,8866e09017fffff,9.613170140561113,40.599654520166
bogota,8866e09013fffff,6.074046256810086,20.555054620543086
bogota,8866e092a9fffff,3.9093396476865583,6.560990077136113
bogota,8866e42885fffff,1.796527718484924,33.27556861241101
bogota,8866e428abfffff,6.100341290719624,41.21212146220838
bogota,8866e0926bfffff,10.638062510280642,52.59935733926639
bogota,8866e0931bfffff,1.464669513552047,9.180690026498329
bogota,8866e09319fffff,11.086423632583626,42.81782761459944
bogota,8866e09313fffff,5.168561337065879,23.289082573516247
bogota,8866e09061fffff,13.719580677214255,69.107923090363
bogota,8866e09029fffff,10.499790218526917,41.65859627118928
bogota,8866e09027fffff,5.823962664994635,10.87980587366093
bogota,8866e091c9fffff,10.140198299390434,15.400568142364545
bogota,8866e091cbfffff,12.994283457138406,78.84054820376286
bogota,8866e0918bfffff,7.954563774958097,21.21281592220587
bogota,8866e0919dfffff,9.966297462579762,38.93425116927428
bogota,8866e09225fffff,5.768341285917709,16.37494300371592
bogota,8866e09263fffff,10.12541302458593,46.44038125039501
bogota,8866e09245fffff,9.613105493796349,46.8468934223683
bogota,8866e42887fffff,8.592406099999767,60.071737979632545
bogota,8866e0920dfffff,3.8425034938391165,38.25638147922684
bogota,8866e09261fffff,10.010042162419834,32.52185203050922
bogota,8866e09265fffff,6.485289246115515,39.8252763956504
bogota,8866e0922dfffff,10.673302136870495,72.26689551063093
bogota,8866e09317fffff,8.874700933029228,35.11278675222446
bogota,8866e0904dfffff,10.566834443305627,60.94819260284714
bogota,8866e09069fffff,10.9298001229793,21.06212157448751
bogota,8866e0906bfffff,10.588633082514258,44.11966000206698
bogota,8866e091c3fffff,9.76108443182938,56.15146588407063
bogota,8866e091ddfffff,9.556545891832785,17.045931216567155
bogota,8866e0919bfffff,0.41641039678918496,27.122791107835926
bogota,8866e09193fffff,0.5825334364524389,0.5825334364524389
bogota,8866e08245fffff,8.702998124639704,33.86125058357007
bogota,8866e0820dfffff,14.606191611191221,80.89745234743006
bogota,8866e08209fffff,8.854789427103812,68.88037625054369
bogota,8866e09047fffff,10.425996793815106,45.33156970054892
bogota,8866e428b1fffff,8.003149865614853,58.76339580956655
bogota,8866e42897fffff,10.166155455094385,94.06424184957802
bogota,8866e428b9fffff,9.398711898432639,41.07934634242998
bogota,8866e090e1fffff,5.543376644702318,40.50851692361673
bogota,8866e090ebfffff,7.92089186269427,39.081190952147914
bogota,8866e090c5fffff,7.143392981779157,45.71435691883467
bogota,8866e090cdfffff,5.764524297346337,10.527557523667527
bogota,8866e092a7fffff,7.198356101410834,19.830812472398602
bogota,8866e092a3fffff,8.887054257021472,42.6957339729973
bogota,8866e09285fffff,3.984696439022389,6.636346868471944
bogota,8866e42d41fffff,2.73446605278398,30.96506091861892
bogota,8866e42893fffff,13.132206959406405,52.48213211001257
bogota,8866e42d4dfffff,5.7555892656059315,29.205437367622498
bogota,8866e428d7fffff,6.00844795670813,87.2806749504602
bogota,8866e42d6dfffff,14.186136352409996,58.71309218359223
bogota,8866e428d3fffff,10.049213912477262,41.003504807157576
bogota,8866e42891fffff,6.428343795993192,27.35277759123188
bogota,8866e0924bfffff,7.802886903114561,30.195046783061084
bogota,8866e428b7fffff,8.972027806277962,19.578629524076174
bogota,8866e09201fffff,3.543605078310456,9.722693839045618
bogota,8866e09205fffff,7.191777995546702,27.897611621350222
bogota,8866e09159fffff,12.146731596002637,66.79878292950221
bogota,8866e0915dfffff,14.25882927515746,40.77533356965299
bogota,8866e09065fffff,11.16489305138295,34.54230683054026
bogota,8866e090c3fffff,6.180709224203917,21.68013118688839
bogota,8866e09011fffff,4.917058324146031,12.26101848734726
bogota,8866e090c7fffff,8.984577598385082,62.44045531024053
bogota,8866e09001fffff,10.857493086423741,31.745841679455687
bogota,8866e0900dfffff,7.4625802630331,17.89127999483493
bogota,8866e09009fffff,7.549365591721384,28.31271408005576
bogota,8866e0933dfffff,11.93172809700915,48.71865837425119
bogota,8866e09339fffff,11.187670574449516,23.66451957370364
bogota,8866e09303fffff,7.231455310620324,27.77183485736974
bogota,8866e09357fffff,4.681246085050521,43.04420493604984
bogota,8866e09351fffff,3.0753862060956876,21.57768093622201
bogota,8866e0933bfffff,7.857259125975635,33.90772261387409
bogota,8866e09315fffff,5.892606379122259,32.233023118998275
bogota,8866e09331fffff,11.810635288132186,24.022463010875477
bogota,8866e09337fffff,11.05463138392108,49.840850007884626
bogota,8866e09227fffff,8.64639375342684,44.811966118961394
bogota,8866e09221fffff,6.276982177226085,21.621461883859105
bogota,8866e09359fffff,9.209753048475068,77.56663108226131
bogota,8866e0935bfffff,10.334395055565965,52.57584152393296
bogota,8866e0926dfffff,5.480568693635189,37.61778554531446
bogota,8866e42997fffff,8.176737862383222,34.44857630552967
bogota,8866e429bbfffff,8.75805812864001,40.43628404820781
bogota,8866e42993fffff,8.575116747720157,37.34303926247934
bogota,8866e4299bfffff,7.6946172210337735,48.22301369301092
bogota,8866e428a5fffff,8.871955884598242,34.82329174483349
bogota,8866e428adfffff,12.818154459724767,72.39161971227117
bogota,8866e09041fffff,9.7511695143318,22.85719058795028
bogota,8866e09233fffff,6.556625807571361,31.692883205330826
bogota,8866e09237fffff,5.725791314289063,32.242295608784595
bogota,8866e092edfffff,4.112537248673744,16.92682880916717
bogota,8866e092c5fffff,11.083778854824475,18.650651131083
bogota,8866e09281fffff,6.658468370446005,41.04145548979354
bogota,8866e09287fffff,8.681959416469903,21.5862841426409
bogota,8866e092c3fffff,1.2431989540534292,1.2431989540534292
bogota,8866e09289fffff,2.0178120342722528,2.0178120342722528
bogota,8866e092c9fffff,7.3761147900262065,27.542033810998312
bogota,8866e42d23fffff,5.454115708004382,28.644776040799655
bogota,8866e42d2bfffff,10.888183566702189,54.89248795431138
bogota,8866e092e7fffff,6.4901399211181365,58.47182292262195
bogota,8866e092abfffff,4.256040185230836,24.16482059928633
bogota,8866e428a7fffff,13.478310482634633,21.16311388106783
bogota,8866e0925dfffff,5.415806879747025,33.23983792436352
bogota,8866e09023fffff,3.2781498823293953,19.01742645775854
bogota,8866e092a5fffff,5.411730486972635,17.899444714553738
bogota,8866e09019fffff,8.051385301583124,43.91472367276501
bogota,8866e09057fffff,10.630674820327512,23.816646003052515
bogota,8866e09015fffff,3.2064195160651274,10.938745408026682
bogota,8866e09039fffff,12.3448653056823,35.31287124535948
bogota,8866e0903dfffff,6.115342087830329,22.025244664527648
bogota,8866e09031fffff,5.3373121639024435,18.034316638598025
bogota,8866e091cdfffff,8.213659248569773,15.881772975708568
bogota,8866e0911bfffff,7.582285600282632,67.35284176925234
bogota,8866e42987fffff,5.16317499763735,44.937931439380655
bogota,8866e09247fffff,7.555356849177996,28.01040082371407
bogota,8866e09249fffff,6.136846348388989,10.995205281801947
bogota,8866e09043fffff,7.3146042767642045,9.891752304188845
bogota,8866e092a1fffff,10.184096950502541,61.35420204538326
bogota,8866e092adfffff,5.325566538864083,15.414152319694812
bogota,8866e09053fffff,12.752155440311684,41.44971451470985
bogota,8866e09051fffff,7.589768994239829,18.196370712038046
bogota,8866e0905dfffff,8.205334733685334,17.65256696110244
bogota,8866e0904bfffff,13.525138867968737,13.525138867968737
bogota,8866e09333fffff,12.069195457179204,90.08195180312086
bogota,8866e0906dfffff,9.806446208801164,20.41304792659938
bogota,8866e429a7fffff,7.652996135473502,20.91124828272127
bogota,8866e09349fffff,6.3561999792988955,34.35233290387402
bogota,8866e429a5fffff,1.6565531708834658,8.302212399276797
bogota,8866e4669bfffff,0.30139018508303345,0.30139018508303345
bogota,8866e0935dfffff,5.278095476083768,22.729254009071127
bogota,8866e0934bfffff,9.023593004275767,14.326893863174872
bogota,8866e09143fffff,10.446503649475023,46.529022854629645
bogota,8866e09109fffff,8.362141817770606,44.78390089118315
bogota,8866e09147fffff,9.407124797906938,54.04909398424005
bogota,8866e4288dfffff,3.4797390681680382,18.89441726976653
bogota,8866e428c7fffff,8.389925915908034,57.09196999604654
bogota,8866e428c1fffff,5.707951302788217,48.134358173981084
bogota,8866e428c3fffff,7.896679741577165,38.51527582949652
bogota,8866e428cbfffff,5.084652589750711,10.33679290935381
bogota,8866e42aabfffff,11.879087845095672,75.20733474908316
bogota,8866e42881fffff,13.407067709817694,54.766138802579796
bogota,8866e42895fffff,9.571812847289136,21.889639270316497
bogota,8866e42811fffff,9.205033798326031,82.12699768489084
bogota,8866e4281dfffff,12.307390213799245,62.06490113537465
bogota,8866e42813fffff,12.050011355811048,40.892012748152155
bogota,8866e4289bfffff,8.21582656561275,21.223574411646553
bogota,8866e42f27fffff,10.438513628989567,21.045115346787785
bogota,8866e4289dfffff,15.482893033118694,41.41564867293923
bogota,8866e428a9fffff,3.918830916861483,27.665188730302653
bogota,8866e428edfffff,6.223950691344326,73.92374203654519
bogota,8866e42815fffff,7.871008732456191,63.7160402538271
bogota,8866e4283bfffff,13.399090599133606,81.57185581650126
bogota,8866e428e7fffff,11.249024300373426,55.40231853191738
bogota,8866e09311fffff,7.429926954532361,20.139154426356807
bogota,8866e09067fffff,9.84077437996891,35.66914741272821
bogota,8866e09203fffff,4.784449236976533,17.781408704494847
bogota,8866e0921dfffff,8.263682021317615,54.64454065831857
bogota,8866e09209fffff,10.311357206011271,10.311357206011271
bogota,8866e092e3fffff,3.4297984128757175,20.67121431959958
bogota,8866e428d1fffff,11.760936636059697,37.773030442918824
bogota,8866e428d9fffff,10.229927934422571,74.5737087051834
bogota,8866e09211fffff,15.104388763742271,74.66023108508071
bogota,8866e0921bfffff,2.7725171124379644,10.495739740281392
bogota,8866e09217fffff,11.106670887999028,77.39793162423787
bogota,8866e0903bfffff,9.412629821552015,27.723540144242406
bogota,8866e09037fffff,9.953023643475388,68.23862019895847
bogota,8866e09035fffff,7.102590585568316,46.764039888097244
bogota,8866e428ddfffff,6.907201154784788,64.69727988846425
bogota,8866e0901bfffff,6.357432047452482,29.1864443303173
bogota,8866e092bdfffff,6.61264625046633,32.140312947928734
bogota,8866e090cbfffff,9.56223769026199,73.04511105519036
bogota,8866e090c1fffff,10.858571924828967,63.65358376885324
bogota,8866e090c9fffff,7.568057160850202,23.25433367944661
bogota,8866e090e9fffff,5.947537228488887,29.389197499336145
bogota,8866e09229fffff,9.190485980979465,47.52031761506041
bogota,8866e09243fffff,5.38250936697077,42.34683276182199
bogota,8866e42d45fffff,6.27812306901224,16.565895303459683
bogota,8866e09241fffff,10.302590177330634,20.685086241491568
bogota,8866e42acbfffff,4.058821986435721,37.86275674851031
bogota,8866e42105fffff,2.261635809206518,16.777653174182177
bogota,8866e42135fffff,0.0,0.0
bogota,8866e42123fffff,1.9985212483778563,11.515619207872065
bogota,8866e42f25fffff,5.789839492304298,34.21796670460137
bogota,8866e4288bfffff,5.5948124424444705,55.205325761339786
bogota,8866e42889fffff,7.38172640387627,37.51852399541415
bogota,8866e42f35fffff,1.2574024426753396,1.2574024426753396
bogota,8866e09231fffff,7.309206449358521,28.2614216639414
bogota,8866e0923dfffff,10.630263338861722,58.10312842098188
bogota,8866e09101fffff,5.461341519115944,36.967965197176795
bogota,8866e42899fffff,12.102191679330456,22.022744653477034
bogota,8866e42ab3fffff,10.86390443121403,39.588336727690184
bogota,8866e428dbfffff,9.769480728606796,17.724432016955454
bogota,8866e42883fffff,12.582026329435196,105.2754371255889
bogota,8866e09269fffff,10.658113891907766,61.03947205144928
bogota,8866e42a87fffff,7.494987381402432,65.430301220525
bogota,8866e42a85fffff,6.936686611905616,112.76456395865722
bogota,8866e42aa9fffff,5.186663197062497,62.58830691570658
bogota,8866e42aadfffff,6.337137462858149,43.4602434751519
bogota,8866e46699fffff,0.76680915296998,8.28118484703401
bogota,8866e09267fffff,5.19687350604245,17.186833886484656
bogota,8866e429b7fffff,4.059702381327794,23.524417644907096
bogota,8866e429b9fffff,4.887178973422463,30.910450276807893
bogota,8866e429b1fffff,3.1544347610672174,32.009982005370745
bogota,8866e429b3fffff,6.7359674675952785,19.61300612128383
bogota,8866e0924dfffff,7.867240832628189,17.888250931916048
bogota,8866e09055fffff,12.920733827988908,33.96563904138141
bogota,8866e0914bfffff,8.710516944223523,28.887704092094964
bogota,8866e09149fffff,13.336025013117364,26.241176871346834
bogota,8866e09141fffff,19.691036564908366,77.17048196168892
bogota,8866e0910bfffff,4.079903957995238,32.17198568413954
bogota,8866e09341fffff,9.057583194295429,11.709233623744982
bogota,8866e09345fffff,3.249847593668169,3.249847593668169
bogota,8866e09343fffff,7.162281228087988,46.16763910467386
bogota,8866e0931dfffff,7.041884941924043,22.652836802869388
bogota,8866e09045fffff,10.969653448878889,52.49533573470165
bogota,8866e0820bfffff,13.058370626323889,34.14892869377472
bogota,8866e08203fffff,5.6575999062724565,52.92458527095961
bogota,8866e08215fffff,6.593371014155808,19.44749650739592
bogota,8866e42ab7fffff,5.437753733187953,68.15570354496681
bogota,8866e42ab1fffff,5.519270605027704,24.08082361117458
bogota,8866e09063fffff,8.821697569187133,8.821697569187133
bogota,8866e428d5fffff,12.298854678241096,28.184503875470188
bogota,8866e42abdfffff,8.162429940620767,45.096391562728506
bogota,8866e42a81fffff,9.129898072979838,107.15172585123938
bogota,8866e0915bfffff,8.79673912340316,84.20097035639856
bogota,8866e0902dfffff,8.464223960719544,34.929342648837235
bogota,8866e09005fffff,8.369111247736715,47.03762032849342
bogota,8866e0932bfffff,9.028955486921134,29.973696079177973
bogota,8866e091c1fffff,6.555286058711569,67.16293338012005
bogota,8866e091c5fffff,7.949936902811718,62.40253784606993
bogota,8866e42f6dfffff,3.636706458289206,11.591657746637866
bogota,8866e42a97fffff,9.142419864050916,43.830857829539006
bogota,8866e42ad5fffff,8.157706368706348,39.30137312466845
bogota,8866e42ad1fffff,4.451916599837006,20.010344211868148
bogota,8866e42163fffff,2.8050342572881797,2.8050342572881797
bogota,8866e42129fffff,2.425547141926164,7.356635626804465
bogota,8866e4212dfffff,2.1621171115397355,12.742726349975936
bogota,8866e42ac9fffff,5.192967350898115,14.145144580193557
bogota,8866e42acdfffff,0.0,0.0
bogota,8866e42aa5fffff,10.299179150771778,34.722627318822894
bogota,8866e42aa3fffff,5.236317157559336,39.600939385722874
bogota,8866e42aa1fffff,0.5036468702604209,4.6577779896000475
bogota,8866e428e3fffff,2.9019214656934467,16.160173612941215
bogota,8866e428e1fffff,4.568084129910285,41.364431890585124
bogota,8866e428e9fffff,4.997841271371646,54.611241546817105
bogota,8866e429dbfffff,7.698303927639192,62.66976622254763
bogota,8866e42999fffff,6.222943940865948,36.43869512911144
bogota,8866e42991fffff,12.369595978331684,63.92775646730119
bogota,8866e4299dfffff,9.025526185799277,58.92207883803113
bogota,8866e428e5fffff,3.151426778621623,13.554334864753072
bogota,8866e429abfffff,1.909881717329857,16.693994983296626
bogota,8866e429a1fffff,2.321996021793946,16.331321884350007
bogota,8866e42f69fffff,10.20556359124338,92.47424662009495
bogota,8866e428bbfffff,7.124452065310596,15.02678304456569
bogota,8866e428bdfffff,7.041967235504467,59.825251548878356
bogota,8866e42835fffff,0.9012756214074558,0.9012756214074558
bogota,8866e42837fffff,7.752102001557121,31.616955866603107
bogota,8866e429d9fffff,11.849295282733912,85.21011706358154
bogota,8866e0910dfffff,10.667827367746922,39.013436477199875
bogota,8866e0916bfffff,9.115171865640793,55.32063601231276
bogota,8866e09161fffff,7.1074028924060695,63.97720998705635
bogota,8866e09145fffff,10.655817515111538,60.356578054744624
bogota,8866e46497fffff,7.0258989643996435,61.728084882961426
bogota,8866e09329fffff,7.029547079869125,32.42174957130373
bogota,8866e090e3fffff,4.878639064902937,15.317191560466306
bogota,8866e090d5fffff,2.9077495340651116,2.9077495340651116
bogota,8866e42f65fffff,4.676813677965073,12.32117168818812
bogota,8866e42a93fffff,10.234722340153732,44.20642968121271
bogota,8866e42f45fffff,4.8306021148909855,35.058882800746254
bogota,8866e42f4dfffff,1.4206133003346413,5.953427167235019
bogota,8866e42a9bfffff,5.901737494086189,62.87366976486671
bogota,8866e42a99fffff,6.882501571674788,56.496169638718015
bogota,8866e42ad3fffff,11.598002047626922,16.763137377551907
bogota,8866e421adfffff,0.29960793911382,8.66514877268124
bogota,8866e42f6bfffff,5.188931176759263,10.149083349883718
bogota,8866e428b5fffff,8.415807142152744,11.067457571602297
bogota,8866e42ae3fffff,3.2850496424665474,49.8772460076788
bogota,8866e42f67fffff,6.625896233158174,26.777904422344985
bogota,8866e42f63fffff,6.766100669194022,9.417751098643576
bogota,8866e42a8dfffff,10.846117796796614,55.11523006918919
bogota,8866e429a3fffff,9.326646745826983,44.711091829032824
bogota,8866e429bdfffff,5.006731242569715,5.006731242569715
bogota,8866e429b5fffff,5.841922433752134,18.577270855849655
bogota,8866e42f61fffff,9.776328191052148,45.52399394973577
bogota,8866e42f2dfffff,5.5056261901611085,38.89928038064104
bogota,8866e42839fffff,14.703108811029736,73.31570642612145
bogota,8866e4281bfffff,10.389080162303316,52.619479980559355
bogota,8866e42817fffff,11.006421547675123,57.82056706255021
bogota,8866e42ac7fffff,0.0,0.0
bogota,8866e42ae7fffff,1.3148183257564534,23.843359200592023
bogota,8866e42a9dfffff,4.251605103937681,51.66606139093879
bogota,8866e42ad7fffff,9.373285473983179,48.62783537407502
bogota,8866e0900bfffff,10.247791704414158,35.872771578162805
bogota,8866e428b3fffff,4.407298557517676,20.08702814104093
bogota,8866e091d5fffff,14.399114257390565,43.25429105360573
bogota,8866e42ab5fffff,7.461046853495921,31.074946495680503
bogota,8866e428ebfffff,7.153829597684938,51.6469749125098
bogota,8866e428c5fffff,0.0,0.0
bogota,8866e428cdfffff,12.60007624825576,34.77731770429128
bogota,8866e428c9fffff,2.54822392395468,7.851524782853787
bogota,8866e42aa7fffff,1.8108697819284452,7.114170640827553
bogota,8866e42819fffff,8.665864759299042,45.50424549527044
bogota,8866e090a9fffff,5.068432580227951,35.637007811506535
bogota,8866e090e7fffff,12.463418540651215,51.710480101140384
bogota,8866e090adfffff,7.4930835963356435,50.99462491682609
bogota,8866e08207fffff,9.21113644322877,48.4499328789736
bogota,8866e08205fffff,2.028494608338679,9.735470390265224
bogota,8866e08201fffff,9.0315687659264,31.764187352062144
bogota,8866e08247fffff,10.718679281116724,47.15726201448438
bogota,8866e090a7fffff,8.85207056897683,39.51633457279346
bogota,8866e090a5fffff,6.737682506375308,39.21595159414787
bogota,8866e090a1fffff,10.9999031227653,54.7967200587413
bogota,8866e091d3fffff,2.3368210175270154,7.316979971315316
bogota,8866e09085fffff,11.01313991882205,21.379694031504577
bogota,8866e090abfffff,10.514271894540025,26.243717696271645
bogota,8866e09113fffff,9.345279614587575,31.922468906888167
bogota,8866e09117fffff,7.775540907198992,25.417625507859007
bogota,8866e09111fffff,10.425739182916617,54.453292920424765
bogota,8866e0911dfffff,12.780437360456665,46.35127993808803
bogota,8866e09115fffff,5.530234656260733,13.290934391883493
bogota,8866e09151fffff,6.423652411779095,31.79092958322529
bogota,8866e42983fffff,4.652583271271312,12.238845426661813
bogota,8866e42981fffff,2.561619494271905,23.077970272220007
bogota,8866e429ebfffff,2.4846430639554185,17.8705698103452
bogota,8866e429d5fffff,11.326163390650663,34.548402313466305
bogota,8866e42989fffff,5.453934523758776,41.040527818950544
bogota,8866e429d7fffff,10.290749701684058,78.48816145517641
bogota,8866e42833fffff,4.598511864737612,34.74865705222156
bogota,8866e090edfffff,5.298401040106182,37.295898330964036
bogota,8866e08243fffff,3.4194681525153583,8.528676105217038
bogota,8866e090e5fffff,12.197589594927827,32.3128785727015
bogota,8866e09087fffff,7.369056031904028,28.235548861268384
bogota,8866e0908dfffff,9.635169678456853,30.396150673995404
bogota,8866e42831fffff,1.3082086390178227,21.68715103628375
bogota,8866e42823fffff,6.077745978591977,11.870481119309906
bogota,8866e42827fffff,0.2766883022804053,2.370353304401228
bogota,8866e429c9fffff,0.0,0.0
bogota,8866e42821fffff,0.46441178709131425,7.135089600776332
bogota,8866e42829fffff,0.0,0.0
bogota,8866e42807fffff,7.725236982879036,32.932598063095824
bogota,8866e42805fffff,5.074542207469475,31.452198827296122
bogota,8866e4282bfffff,8.61864995174672,21.515554335853054
bogota,8866e4283dfffff,9.670026078044224,39.835921886794594
bogota,8866e42803fffff,8.010051962693128,46.23893090669441
bogota,8866e4280bfffff,11.512479840610396,37.702960115873324
bogota,8866e42857fffff,7.358690552782021,93.67566875378621
bogota,8866e09301fffff,5.318281372835887,28.06233081248744
bogota,8866e42aebfffff,0.34459258602679654,0.34459258602679654
bogota,8866e42853fffff,6.148009396408736,45.07199091298258
bogota,8866e09335fffff,10.172916097739607,95.6400434194238
bogota,8866e0821dfffff,8.213459718532999,17.321512688911422
bogota,8866e08211fffff,1.1657272786122164,1.1657272786122164
bogota,8866e091c7fffff,8.07009749023843,34.10839537257129
bogota,8866e09189fffff,10.588997448053762,51.790230919658974
bogota,8866e0913bfffff,7.032248869368076,27.076445446497004
bogota,8866e09059fffff,12.58169804565636,25.839950192904126
bogota,8866e09103fffff,8.364318817535214,37.29873943367103
bogota,8866e09139fffff,4.38814802849749,21.902154530856173
bogota,8866e42a91fffff,9.269504705691098,33.134358570737085
bogota,8866e42adbfffff,1.0921975454026884,14.350449692650455
bogota,8866e4298bfffff,9.785189451782399,61.37806796454465
bogota,8866e09307fffff,8.794185701193896,37.29959626697969
bogota,8866e09163fffff,9.157501355371243,37.653275152590474
bogota,8866e09167fffff,6.299585536431724,42.71794528429805
bogota,8866e09165fffff,7.528921242559587,38.98602480725625
bogota,8866e0916dfffff,7.3651295667687355,37.84930991241406
bogota,8866e464b3fffff,8.419939317203887,11.07158974665344
bogota,8866e46495fffff,4.9208941067909695,22.995910308376075
bogota,8866e4649dfffff,0.8865328924539778,3.538183321903532
bogota,8866e46491fffff,8.177165741149361,20.726672608156676
bogota,8866e4649bfffff,7.27860517465216,20.336232112071205
bogota,8866e46493fffff,11.100606792181695,63.266954810572344
bogota,8866e429c1fffff,4.791514529988179,18.049766677235944
bogota,8866e09169fffff,7.91585628001983,61.68994337407792
bogota,8866e0914dfffff,20.787744389924576,78.17439894534648
bogota,8866e46499fffff,9.687012523370644,64.3261727519652
bogota,8866e09327fffff,9.609096317265958,51.54409270257657
bogota,8866e429c3fffff,6.811622299357767,104.83414670676517
bogota,8866e09105fffff,5.81195308883123,13.666932936264962
bogota,8866e09155fffff,8.161164042378545,17.595912746020943
bogota,8866e09153fffff,6.551412729718493,46.12426989656692
bogota,8866e092cbfffff,0.0,0.0
bogota,8866e09353fffff,9.313486616410621,32.4738859865567
bogota,8866e4298dfffff,9.382010781944844,27.698400029513603
bogota,8866e429e3fffff,1.6606484510059105,9.055357308166556
bogota,8866e429c7fffff,2.750396119968993,21.137105437714336
bogota,8866e09323fffff,11.992995597030992,52.86809600828175
bogota,8866e09321fffff,3.1910382539516347,18.463711427295173
bogota,8866e0826bfffff,4.287039350621222,27.72433574786613
bogota,8866e0930bfffff,5.377371368854063,15.337013640947408
bogota,8866e09355fffff,1.2804741031213236,3.6970374217600552
bogota,8866e09309fffff,2.9103919639042317,21.26428074378561
bogota,8866e42167fffff,2.3567524530592125,31.219108584909463
bogota,8866e4210dfffff,3.5373547428593697,27.402208607905347
bogota,8866e42995fffff,0.8961609081306445,34.852537911161065
bogota,8866e090a3fffff,0.9394007580902791,3.1971655617776507
bogota,8866e42a5bfffff,0.8965735627169131,0.8965735627169131
bogota,8866e42ac1fffff,5.393023633071348,23.794166206797662
bogota,8866e42ac5fffff,1.3777875384490075,9.332738826797668
bogota,8866e42107fffff,3.401340558923077,7.599092519815001
bogota,8866e42801fffff,6.241134079981023,48.51751938474111
bogota,8866e42809fffff,0.10858138530135415,17.760189179769323
bogota,8866e42f41fffff,2.5432873445732307,7.846588203472338
bogota,8866e42127fffff,0.0,13.020015739574488
bogota,8866e466d3fffff,0.22376025847293285,0.22376025847293285
bogota,8866e0934dfffff,1.60855233197079,25.080258372578854
bogota,8866e09347fffff,1.4678242795422831,1.4678242795422831
bogota,8866e42f07fffff,0.0,0.0
bogota,8866e09305fffff,3.5973917450574615,14.203993462855676
bogota,8866e09325fffff,9.34288006043248,25.217953019437278
bogota,8866e0930dfffff,0.0,0.0
bogota,8866e09083fffff,6.35098038724032,22.22122974107305
bogota,8866e08239fffff,2.118307557077138,12.220784636451825
bogota,8866e429adfffff,0.9904484695762751,3.1950153544291418
bogota,8866e46693fffff,1.1259555647087482,1.1259555647087482
bogota,8866e42121fffff,0.0,7.954951288348662
bogota,8866e090ddfffff,3.5459556431968142,21.899844554408674
bogota,8866e091e1fffff,5.844699635718489,13.722475527931795
bogota,8866e09129fffff,0.6728007158545901,13.931052863102357
bogota,8866e08249fffff,0.09270953952555706,0.09270953952555706
bogota,8866e0824dfffff,10.275519821755804,36.47054234956304
bogota,8866e42d35fffff,0.7136779050397409,8.668629193388401
bogota,8866e091abfffff,7.560571466337416,54.37528979235234
bogota,8866e09185fffff,6.069576342546618,42.073330711641596
bogota,8866e09089fffff,8.097660419269946,51.62769184637172
bogota,8866e4213dfffff,0.0,0.0
bogota,8866e42addfffff,0.12604773870579672,0.12604773870579672
bogota,8866e421a5fffff,1.7266273645563346,1.7266273645563346
bogota,8866e429a9fffff,5.075747471104129,17.734664946160006
bogota,8866e092b5fffff,8.266838384577964,52.3438352191441
bogota,8866e092b7fffff,1.0215216308707082,1.0215216308707082
bogota,8866e092b9fffff,2.390739876952502,10.345691165301162
bogota,8866e090b7fffff,7.551552164980055,10.170920898380507
bogota,8866e09095fffff,2.886491724799732,36.646298281270816
bogota,8866e090b9fffff,10.554369270383098,41.044128654136465
bogota,8866e08253fffff,6.0628023591772955,32.52466348657423
bogota,8866e08251fffff,1.3400970127599026,6.643397871659011
bogota,8866e08259fffff,3.187425120350366,9.135616950834287
bogota,8866e090bbfffff,2.5394276307011974,34.35923278409583
bogota,8866e090b1fffff,8.284398999837896,28.868673975606153
bogota,8866e0825dfffff,2.754040340378381,2.754040340378381
bogota,8866e09081fffff,8.286866137942605,28.726845387104596
bogota,8866e090b3fffff,4.247980632321489,9.009825123918288
bogota,8866e0908bfffff,1.2064331726707624,13.246047951237557
bogota,8866e090bdfffff,4.176000851685263,40.40065547607457
bogota,8866e0952dfffff,0.10743722635038223,0.10743722635038223
bogota,8866e0825bfffff,0.8319974756401685,0.8319974756401685
bogota,8866e08257fffff,1.9975465009360653,17.907449077633387
bogota,8866e09181fffff,9.635589759353186,83.28950110538551
bogota,8866e091a9fffff,2.1078679424658113,9.791481840083742
bogota,8866e0918dfffff,5.996673395054143,52.307556175602954
bogota,8866e09187fffff,8.98903794236762,34.23963751575562
bogota,8866e09183fffff,8.205757080264005,32.67948010228018
bogota,8866e09195fffff,6.815212271017843,33.17236741299047
bogota,8866e091bdfffff,2.587759615440928,2.587759615440928
bogota,8866e091b9fffff,6.016867285382677,30.657353019139908
bogota,8866e091e9fffff,10.16881032740842,55.35137554289136
bogota,8866e091e3fffff,3.36772450342142,3.36772450342142
bogota,8866e091ebfffff,4.8410819370060905,25.49638929752972
bogota,8866e08241fffff,0.8115274795624869,3.4096489547516375
bogota,8866e09191fffff,0.7519837661895103,0.7519837661895103
bogota,8866e091edfffff,7.6593103060520304,15.231183160517189
bogota,8866e0823dfffff,0.7180471070187546,3.369697536468309
bogota,8866e08255fffff,8.102042202483664,37.10741739950927
bogota,8866e08269fffff,0.2753698093211189,0.2753698093211189
bogota,8866e091a1fffff,2.0069715122947462,6.2130115351698745
bogota,8866e429e7fffff,2.7871746306155236,44.50849147661935
bogota,8866e464bbfffff,6.446878662296489,30.31173252734247
