city,hex,auc_inf,auc_cap,auc_ext
amsterdam,881969c9b7fffff,9.32843295530875,27.848328383350108,66.89014511880161
amsterdam,881969526bfffff,3.1167642060750587,34.456770583291224,107.31801228211839
amsterdam,881969526dfffff,5.113762523081477,73.17018293345971,146.93378564364352
amsterdam,8819695265fffff,7.429590180580002,70.28288607263563,145.34341008934464
amsterdam,8819695269fffff,6.75188502592156,27.696035672591204,128.11570274896127
amsterdam,881969c9b3fffff,12.628425379994148,35.806317115953675,84.17754434314446
amsterdam,8819695343fffff,7.028889383909715,32.064324227065576,71.37413382287981
amsterdam,881969535dfffff,6.143991405148248,67.50497231123933,107.47384352067189
amsterdam,8819695355fffff,4.95554471666607,25.38341005569314,60.61261605267327
amsterdam,8819695309fffff,4.7777674440395455,18.006930047148362,65.40514919645545
amsterdam,881969c9bbfffff,15.59478447878167,71.76186055207278,135.61627890682922
amsterdam,881969c9b5fffff,6.9664221331278915,9.618072562577446,46.09123751828191
amsterdam,8819695351fffff,5.78494254546521,40.18391631070941,86.06036797165193
amsterdam,881969530bfffff,6.491556650829599,30.216487761896044,82.53463865713435
amsterdam,881969c983fffff,4.5651148883683845,83.86358105373681,162.2122791702033
amsterdam,8819695357fffff,4.41598283385883,28.098890589922004,70.26695655883131
amsterdam,8819695251fffff,0.93762556951152,6.240926428410628,35.502003164688254
amsterdam,8819695259fffff,3.683391758519544,26.933031686557307,93.63300058252148
amsterdam,881969534bfffff,3.46965422337427,36.710721859553075,105.62216028764657
amsterdam,8819695245fffff,3.0964590213129606,34.141070558113505,162.73870745726217
amsterdam,881969524bfffff,3.002620071424819,85.20378338436099,204.37267689109683
amsterdam,8819695243fffff,3.662938689563958,30.08281677145585,109.61092938994884
amsterdam,8819695249fffff,1.4294698930513174,9.384421181399977,72.63228124470982
amsterdam,881969520bfffff,10.092989158827603,88.98039798153984,194.27495929783876
amsterdam,881969525dfffff,1.8168375783718043,7.120138437270911,47.71862407639393
amsterdam,881968269bfffff,9.115742133594617,43.435747138417554,85.21470976918239
amsterdam,881969c9a7fffff,2.289066274472981,17.258661378675402,172.69492993269856
amsterdam,8819695349fffff,3.0256213461977626,26.890475211243746,94.88598240456834
amsterdam,8819695241fffff,3.042141321814152,24.126075491593042,92.52564293008191
amsterdam,8819695247fffff,3.2255673232246216,24.38954627795211,77.28320956113038
amsterdam,8819682699fffff,4.960924549361835,70.24130299674351,122.01934024693867
amsterdam,881969c9a5fffff,3.0815569381345274,18.991459514831856,119.15349212921926
amsterdam,881969c9bdfffff,7.3564401072255166,41.06672481797611,97.60857868380394
amsterdam,881969c993fffff,3.8515930807273624,35.09045883139058,177.28971497153603
amsterdam,881969522dfffff,6.171256029238745,40.55768162338076,98.50745101366188
amsterdam,8819695267fffff,5.485310518540182,34.653465242485275,94.64244087104231
amsterdam,8819695315fffff,2.707758508468699,31.875913232413787,113.78510164619915
amsterdam,8819695311fffff,4.1624386354967475,19.88861838193865,162.43576069417307
amsterdam,8819695207fffff,1.1574382170745932,56.84209723551522,232.37965581677082
amsterdam,8819695049fffff,2.265584465943461,79.10735462215233,166.57645044510562
amsterdam,881969531bfffff,3.095394780289096,61.34348348764861,157.78205232663964
amsterdam,881969c9a1fffff,1.6006338232979929,22.791193627353103,90.02725097116513
amsterdam,8819695301fffff,6.343572227920866,26.942031257350667,111.07611589944855
amsterdam,8819695347fffff,5.875654156349849,16.482255874148066,53.715776578478454
amsterdam,881969530dfffff,6.1247229663748275,82.25473611780124,166.622458109861
amsterdam,8819695345fffff,4.975336721201346,28.84019058624733,81.01076057499498
amsterdam,8819695209fffff,2.5073576516727614,42.157624825284955,200.93171781152358
amsterdam,881969505dfffff,0.22591808129220686,0.22591808129220686,14.186444974863756
amsterdam,8819695237fffff,0.0,0.0,0.6692575573235563
amsterdam,881969504bfffff,2.078039961325044,22.98990563343195,92.97035774934936
amsterdam,8819695061fffff,0.945226269992507,3.596876699442061,56.45297418914511
amsterdam,8819695043fffff,0.0,0.0,13.563938058061408
amsterdam,881969506bfffff,0.4322125361024577,0.4322125361024577,33.059290531682194
amsterdam,8819695045fffff,7.033427873820651,25.50342654660716,67.45018922345203
amsterdam,8819695069fffff,7.382008574383012,25.943561580529895,64.51869505046345
amsterdam,8819695041fffff,4.233813208813157,25.447016644409583,99.89930203825236
amsterdam,8819695235fffff,0.0,0.0,0.40607228039177273
amsterdam,881969504dfffff,3.5140746840107915,48.5921319846532,90.10026133059085
amsterdam,8819695313fffff,5.522856045387397,52.23436669094996,156.7708197868103
amsterdam,881969514bfffff,1.741673243964752,1.741673243964752,15.83666473374261
amsterdam,8819695317fffff,2.5571081264850437,52.030953989499906,102.745216571507
amsterdam,8819695231fffff,0.09917527082462443,5.385320779849883,51.16186914958353
amsterdam,881969533bfffff,2.3768626717987464,47.45491997244116,95.09584569911334
amsterdam,8819695149fffff,1.5597136741165725,28.07621796861211,140.07704011187684
amsterdam,881969523dfffff,2.429438085846192,18.11319908349856,145.61131071407283
amsterdam,8819695227fffff,4.766741269464307,70.29114302237502,157.99687886546656
amsterdam,8819695223fffff,3.167656370754314,84.55898265426259,155.9344603292107
amsterdam,881969514dfffff,1.750140972858462,7.05344183175757,40.273094220598054
amsterdam,8819695331fffff,7.190926541717579,51.777891304788895,98.85741487187431
amsterdam,8819695239fffff,2.864216952080452,26.729070817126434,82.54452864491427
amsterdam,8819695335fffff,4.563278113571155,36.38308326696579,139.38287866119205
amsterdam,8819695339fffff,7.0174722469047595,27.044839242753536,98.16401262548673
amsterdam,8819695215fffff,0.0,5.3033008588991075,43.49730639406937
amsterdam,881969521dfffff,1.8637366599093623,7.167037518808472,92.19052726669348
amsterdam,8819695203fffff,7.035801718304165,36.20395644224926,170.09978590149407
amsterdam,8819695323fffff,5.30971309710819,71.44236882567215,155.86170832692648
amsterdam,8819695221fffff,1.8177659850487697,54.85077457403983,141.37785167653698
amsterdam,8819695327fffff,2.9502455243872547,55.67174686875959,121.9439734606261
amsterdam,881969522bfffff,3.7890141717482515,14.395615889546464,101.91348378319819
amsterdam,881968249bfffff,2.0144619724290025,39.13756798472275,121.32707966416855
amsterdam,881969533dfffff,2.3015764644384284,28.51287833613642,156.8175786481011
amsterdam,8819695319fffff,4.1741841928873065,54.02090684996337,111.69083838733025
amsterdam,881969531dfffff,4.657675299642295,28.490050226593027,63.292764788961385
amsterdam,8819695303fffff,4.6852951157182074,23.072082849113087,123.55280127247383
amsterdam,881969cd67fffff,5.679314929668163,21.48207886146923,63.70456442529129
amsterdam,8819695225fffff,3.6460241739526937,8.949325032851801,62.64746362457957
amsterdam,8819695307fffff,2.3007840678974723,47.35068487527489,103.21675539650364
amsterdam,8819695201fffff,7.768986155340813,55.43103330314317,178.30053542631507
amsterdam,8819682491fffff,1.3301918224866267,3.981842251936181,21.450585835786633
amsterdam,8819695321fffff,4.567536323073128,25.567560362132806,72.7800989802707
amsterdam,8819695205fffff,6.4831080740102776,107.13561894982847,253.838126764164
amsterdam,881969532bfffff,3.528105573068983,19.362423193072342,80.21801461800658
amsterdam,8819695229fffff,3.8746633044778704,25.0517710571324,130.59267126662738
amsterdam,8819695325fffff,4.383911451868591,36.20371660526324,80.8351719424905
amsterdam,8819682499fffff,3.279562794172554,34.190966022657626,226.33203007026728
amsterdam,8819695353fffff,6.330421588369665,11.633722447268774,50.781121972488286
amsterdam,881968249dfffff,8.691582261583191,35.065538242957416,118.25549325557368
amsterdam,8819695305fffff,10.090169375655279,91.32977372740677,178.63313993543477
amsterdam,881969cd63fffff,4.648000953530311,64.73784603929055,110.04629662733068
amsterdam,8819695263fffff,5.159673175265496,36.97947832866014,128.47373674469867
amsterdam,881969520dfffff,5.759717258513685,29.624571123559672,100.1094054168982
amsterdam,881969532dfffff,3.765203286251658,51.16072858820214,109.20558403162768
amsterdam,8819695329fffff,6.435394758315944,67.42335463565568,114.06843290937921
amsterdam,8819682483fffff,4.480488882098002,4.480488882098002,87.32763064892862
amsterdam,88196824d3fffff,5.577353552093147,53.3070612821851,90.27942799807178
amsterdam,881969535bfffff,5.019176655981552,26.175882979468454,73.62254116240537
amsterdam,88196824d7fffff,4.5738329447046775,23.13538595085155,69.90127589198354
amsterdam,881969cd61fffff,3.7596654188849854,22.00322358399708,64.10872507167541
amsterdam,8819695255fffff,2.09108906969749,63.07904894703723,180.70058858228583
amsterdam,881968248bfffff,3.645757162172297,35.30595892551217,106.74480177672898
amsterdam,881969cd65fffff,5.248726068102556,45.023482509845856,156.559201993742
amsterdam,8819682481fffff,1.9378970066646755,4.58954743611423,26.09031652379505
amsterdam,8819695363fffff,7.490660044232606,23.342615383292394,95.02733622862074
amsterdam,8819695367fffff,1.0029040500607664,3.65455447951032,57.373040644442646
amsterdam,8819695261fffff,9.364063246902461,27.029070049642936,149.59043600329636
amsterdam,88196824d5fffff,3.1841787838114057,50.84043609157701,130.63748399823965
amsterdam,88196824dbfffff,8.35019745882542,26.85013057687924,63.33946195142841
amsterdam,88196824d1fffff,9.714725945573598,38.88288066951869,119.1500829388626
amsterdam,8819695359fffff,9.759375222061552,28.320928228208427,75.02232496640191
amsterdam,881969c8b3fffff,4.4737250286987225,46.81698035424372,97.52576197373128
amsterdam,881969536bfffff,6.602879177655267,67.30947401409574,164.37657988844236
amsterdam,881969c8b7fffff,0.2827928682608104,13.541045015508576,54.35285816725821
amsterdam,8819695361fffff,1.5936613514778215,20.1552143576247,99.22038681157306
amsterdam,881969c8b5fffff,2.896289988092254,24.109493423688683,134.54309190354164
amsterdam,88196824d9fffff,6.862252891005364,27.819659751857422,69.70382343418511
amsterdam,8819695341fffff,5.656134526913612,16.262736244711828,75.89876522265796
amsterdam,881969c8b1fffff,0.0900546184162603,2.7417050478658145,67.44696039258501
amsterdam,88196824c3fffff,2.6217227089409523,29.138227003436487,65.58624743802314
amsterdam,881969524dfffff,6.787036310950669,20.04528845819844,66.90879281672315
amsterdam,881969536dfffff,6.99879686711828,81.04478947650477,149.6136419843065
amsterdam,88196824ddfffff,0.0,0.0,11.885829679836712
amsterdam,8819695369fffff,4.383719117151097,51.30836060689061,110.00581832693982
amsterdam,8819695365fffff,5.164237210383821,23.725790216530697,127.89771981766513
amsterdam,881969c997fffff,3.823287775305278,32.26970917643223,121.91994421742923
amsterdam,88196826b3fffff,11.033578167949377,69.27894374005541,168.59377793655256
amsterdam,88196826b7fffff,5.506996160400248,50.51635781000063,105.66381133808477
amsterdam,881969c9b1fffff,7.4240905795963235,60.31533534939453,111.29301467147627
amsterdam,88196824c1fffff,5.006287483059817,34.1744422070049,100.66490436070781
amsterdam,881969c8a3fffff,2.8141603206733103,31.520256429472084,135.69701099378847
amsterdam,881969c8bdfffff,1.5145578266844395,14.77280997393221,72.97432471760585
amsterdam,8819682693fffff,4.906136458102179,15.512738175900395,69.20629839688829
amsterdam,881969534dfffff,4.211669026713475,20.072676025223466,51.9327514594534
amsterdam,88196824cbfffff,5.074075471941981,52.61511510220284,126.37195870402745
amsterdam,88196824c5fffff,2.8121791732060535,10.767130461554713,39.57265839485326
amsterdam,8819682697fffff,5.569343456013016,26.782546891609446,78.93489325693291
amsterdam,88196826bbfffff,4.620848561731276,23.18240156787816,71.57895626859185
amsterdam,881969c991fffff,4.453809451182342,38.506004433635724,107.65291109337564
amsterdam,88196826b1fffff,6.9552044083700855,44.07831042066384,140.44164961491165
amsterdam,881969c8a7fffff,0.0,7.954951288348662,23.864853865045983
amsterdam,88196826b5fffff,2.396986973827949,20.958539979974823,79.0905991783616
amsterdam,881969c8abfffff,4.341479485720255,28.172618986756483,100.04247583722076
amsterdam,881969c9b9fffff,2.7237331195503898,22.915516963438932,202.32878087776243
amsterdam,881969c995fffff,3.495109896693272,22.056662902840145,72.40818676486083
amsterdam,881969c9a3fffff,2.629920709712278,10.584871998060938,76.5775442863452
amsterdam,88196824cdfffff,1.9119609557537964,4.56361138520335,36.38094828879334
amsterdam,88196824c9fffff,1.516550627492499,62.504510504832226,123.44241433259955
amsterdam,8819682691fffff,5.103787538103181,46.89017149635146,136.14978788012664
amsterdam,8819682695fffff,3.4519475288695523,58.07275414011306,178.97810621277705
amsterdam,881969c8a1fffff,3.392805245242255,48.470862545884664,139.74765986545472
amsterdam,881969c99dfffff,4.0426248881627,30.12847530776293,151.45852596663852
amsterdam,881969c8a5fffff,7.473684694089462,15.428635982438124,65.31770863186335
amsterdam,881969c999fffff,4.406695285799894,12.361646574148555,167.8137689534423
amsterdam,88196826b9fffff,1.0346617944236465,37.67911481510103,155.17289613624482
amsterdam,88196826bdfffff,1.7056375089553037,1.7056375089553037,52.61545058041241
amsterdam,881969c9abfffff,4.715231319585121,15.32183303738334,95.85412558559227
amsterdam,881969c987fffff,2.312087323300655,31.23276802671415,127.51346648747436
amsterdam,881969c8adfffff,2.891219116511643,34.71102426990628,93.28860232343476
amsterdam,88196826a3fffff,0.37745652878264035,3.029106958232194,18.831588582196204
amsterdam,88196826a7fffff,5.018617865999231,7.670268295448786,45.49486354855791
amsterdam,881969c9d3fffff,3.499456156113039,58.67165240529383,116.57296333898496
amsterdam,881969c8a9fffff,2.4725893928694926,15.73084154011726,70.06414247303462
amsterdam,8819682683fffff,1.1295196676531094,6.432820526552218,54.61477137813025
amsterdam,881968269dfffff,0.6972695386604228,0.6972695386604228,35.50477415456315
amsterdam,881969c9d7fffff,8.150866093828048,102.9894743072015,290.4688989496408
amsterdam,881969c98bfffff,4.889351243169145,41.82707485891708,97.21338624334578
amsterdam,881968241bfffff,7.038423307015764,14.993374595364426,55.62306470054926
amsterdam,881969c981fffff,4.856664659808898,64.84777507915105,172.15386941035376
amsterdam,88196826abfffff,1.1622144531921883,3.8138648826417425,53.84209702426883
amsterdam,881969c9dbfffff,5.237466781161075,39.49181321672544,82.22308330512433
amsterdam,88196826a1fffff,0.0,13.258252147247767,29.867845824379245
amsterdam,88196826a5fffff,1.6635734090182064,28.180077703513742,70.25592655926901
amsterdam,8819682687fffff,0.0,0.0,8.966707217812834
amsterdam,881969c9adfffff,3.3729288133942124,29.889433107889747,209.91980182250248
amsterdam,881969c9a9fffff,2.4447778420980675,89.94924201393333,215.08879247132276
amsterdam,881969c985fffff,1.3148392555158266,11.558991069187213,65.81678529086669
amsterdam,8819682419fffff,2.1069489622060833,7.41024982110519,32.883138769754154
amsterdam,88196826d3fffff,0.40812878372078565,11.014730501518999,72.00269037885872
amsterdam,881969c9d5fffff,3.241492780505517,32.1732791546537,150.83807351590443
amsterdam,881969c9d1fffff,5.797261381606267,64.1284903182156,187.44399281444544
amsterdam,8819682685fffff,0.5815582655130286,0.5815582655130286,3.386907635440841
amsterdam,881969c989fffff,2.867461203611009,31.810260177528402,217.6104903829368
amsterdam,881969c98dfffff,7.473187651822852,59.83857002731723,139.30704150883994
amsterdam,88196826d7fffff,0.11825717038227208,10.724858888180488,48.259158788491696
amsterdam,881969c9e3fffff,3.296966590783095,24.510170026379527,77.68380822660336
amsterdam,881969c9d9fffff,0.1409791901547291,16.050881766852047,46.12338333415925
amsterdam,8819682457fffff,0.2956521214364045,2.9473025508859587,63.39481304791473
amsterdam,881968241dfffff,1.5508719771793689,30.137675240900748,77.38239413652076
amsterdam,881968240bfffff,0.8336749061416157,3.48532533559117,70.95644729499632
amsterdam,881969c9c3fffff,10.010488227639206,52.38020717476756,193.2828830010871
amsterdam,881969c9ddfffff,2.9348420669587028,21.41137004660746,79.88512241322363
amsterdam,881969c9c7fffff,5.827874278023035,42.82134494725062,161.72325383736265
amsterdam,881969c9ebfffff,6.427373318357565,56.69977389588209,138.16061481809294
amsterdam,881969c9e1fffff,2.8728166863799145,23.92178098352918,61.693557696851876
amsterdam,8819682455fffff,2.651207532941242,7.954508391840349,36.65272796392707
amsterdam,8819682451fffff,1.24477591437907,27.320260250379853,79.57919160364823
amsterdam,88196826e1fffff,0.5068226278154547,0.5068226278154547,33.2078209588497
amsterdam,881969c9c1fffff,3.424405810149406,8.727706669048514,56.082532907052745
amsterdam,881969c9e5fffff,0.7470445835899799,3.3986950130395335,17.079952909658022
amsterdam,881969c9c5fffff,2.001561427646734,52.36352455780478,164.00904290786295
amsterdam,881969c9e9fffff,7.013877424802299,49.44028429599516,158.3590944440578
amsterdam,881969c9edfffff,12.391126884950316,94.59229019788647,200.59134267932967
amsterdam,881968245dfffff,1.1795989362925805,19.74115194243945,59.54426946849105
amsterdam,881969c933fffff,4.173754343129075,6.825404772578629,73.14046579226466
amsterdam,88196826d9fffff,1.17373124731547,1.17373124731547,7.928767048252148
amsterdam,881969c937fffff,1.3086615640787291,1.3086615640787291,21.07976656740563
amsterdam,881969c913fffff,0.559971218462165,3.2116216479117186,73.6757505377422
amsterdam,881969c93bfffff,2.9669709067900585,5.618621336239611,33.963588651306154
amsterdam,881969c917fffff,5.164476590652439,38.94179138141896,78.40022962825122
amsterdam,881969c931fffff,1.7717837912907064,6.707585944299012,51.11684702757204
amsterdam,881969525bfffff,1.5506822364835284,4.055156484206181,37.505381198217194
amsterdam,881969cd29fffff,0.0,0.0,35.50115686416202
amsterdam,881969c8b9fffff,0.0,47.01820934671337,97.39956750625488
amsterdam,8819695257fffff,0.0,5.3033008588991075,63.63961030678928
amsterdam,88196824c7fffff,0.0,0.0,0.0
amsterdam,8819682489fffff,0.0,0.0,18.711416813596298
amsterdam,881969c8e7fffff,0.0,0.0,0.0
amsterdam,881968248dfffff,2.3630747222692583,14.998797629097146,39.80134854805686
