city,hex,auc_flood
barcelona,88394461cbfffff,0.0
barcelona,88394460a5fffff,0.0
barcelona,88394460adfffff,0.0
barcelona,88394460e7fffff,0.0
barcelona,88394460a9fffff,0.0
barcelona,88394461dbfffff,0.0
barcelona,8839446ad1fffff,8.822009185714332
barcelona,8839446ad9fffff,7.487529410811621
barcelona,88394460e5fffff,0.0
barcelona,8839446033fffff,0.0
barcelona,88394460edfffff,0.0
barcelona,883944603bfffff,5.21540641784668e-08
barcelona,8839446037fffff,0.0
barcelona,88394461d9fffff,0.0
barcelona,88394461ddfffff,0.0
barcelona,88394461d1fffff,0.0
barcelona,8839446027fffff,0.0
barcelona,8839446023fffff,0.0
barcelona,883944603dfffff,0.0
barcelona,883944602bfffff,0.0
barcelona,8839446031fffff,0.0
barcelona,8839446039fffff,0.0
barcelona,8839446001fffff,0.0
barcelona,8839446003fffff,0.0
barcelona,8839446035fffff,3.687849244703228e-08
barcelona,8839446017fffff,0.0
barcelona,88394460e1fffff,0.0
barcelona,88394460ebfffff,0.0
barcelona,88394460e9fffff,0.0
barcelona,8839446019fffff,3.687849244703228e-08
barcelona,8839446011fffff,0.0
barcelona,8839446013fffff,0.0
barcelona,88394460e3fffff,0.0
barcelona,88394460c5fffff,0.0
barcelona,8839446015fffff,0.0
barcelona,88394460c1fffff,0.0
barcelona,88394460cbfffff,0.0
barcelona,88394460cdfffff,0.0
barcelona,8839446137fffff,1.5098579819522375
barcelona,8839446addfffff,0.0
barcelona,88394461e3fffff,0.0
barcelona,88394461d5fffff,0.0
barcelona,88394461d7fffff,0.0
barcelona,883944608dfffff,0.0
barcelona,8839446085fffff,0.0
barcelona,8839446081fffff,0.0
barcelona,883944608bfffff,0.0
barcelona,8839446089fffff,0.0
barcelona,88394460c3fffff,0.0
barcelona,88394460ddfffff,0.0
barcelona,88394460d5fffff,0.0
barcelona,88394460c9fffff,0.0
barcelona,883944601bfffff,3.687849244703228e-08
barcelona,883944601dfffff,0.0
barcelona,8839446057fffff,0.0
barcelona,883944600bfffff,0.0
barcelona,8839446055fffff,0.0
barcelona,8839446051fffff,0.0
barcelona,8839446053fffff,0.0
barcelona,883944605bfffff,0.0
barcelona,88394462adfffff,0.0
barcelona,88394462e7fffff,0.0
barcelona,88394462a7fffff,0.0
barcelona,88394460d1fffff,0.0
barcelona,88394461c1fffff,0.0
barcelona,88394461c9fffff,0.0
barcelona,8839446021fffff,0.0
barcelona,8839446025fffff,0.0
barcelona,8839446063fffff,0.0
barcelona,8839446005fffff,0.0
barcelona,883944606bfffff,0.0
barcelona,883944600dfffff,0.0
barcelona,8839446009fffff,0.0
barcelona,88394462a5fffff,0.0
barcelona,88394462a1fffff,0.0
barcelona,88394462a3fffff,0.0
barcelona,88394462b5fffff,0.0
barcelona,88394462bdfffff,0.0
barcelona,88394462abfffff,0.0
barcelona,8839446287fffff,0.0
barcelona,8839446285fffff,0.0
barcelona,8839446281fffff,0.0
barcelona,883944628dfffff,0.0
barcelona,8839446283fffff,0.0
barcelona,88394462b9fffff,0.0
barcelona,88394462bbfffff,0.0
barcelona,8839446295fffff,0.0
barcelona,88394462b1fffff,0.0
barcelona,88394462b7fffff,0.0
barcelona,88394460c7fffff,0.0
barcelona,88394461cdfffff,0.0
barcelona,8839446007fffff,0.0
barcelona,8839446029fffff,0.0
barcelona,88394461ebfffff,0.0
barcelona,883944618dfffff,0.0
barcelona,8839446181fffff,0.0
barcelona,8839446199fffff,0.0
barcelona,883944619dfffff,0.0
barcelona,88394461e7fffff,0.0
barcelona,88394462a9fffff,0.0
barcelona,88394462e5fffff,0.0
barcelona,883944615bfffff,0.0
barcelona,88394461c5fffff,0.0
barcelona,88394461c3fffff,0.0
barcelona,8839446189fffff,0.0
barcelona,88394461c7fffff,0.0
barcelona,883944602dfffff,0.0
barcelona,883944628bfffff,0.0
barcelona,8839446069fffff,0.0
barcelona,8839446313fffff,0.0
barcelona,8839446045fffff,0.0
barcelona,883944604dfffff,0.0
barcelona,883944631bfffff,0.0
barcelona,8839446225fffff,2.950279395762582e-07
barcelona,8839446067fffff,0.0
barcelona,8839446041fffff,0.0
barcelona,88394460d7fffff,0.0
barcelona,8839446065fffff,0.0
barcelona,8839446061fffff,0.0
barcelona,88394462e3fffff,0.0
barcelona,8839446043fffff,0.0
barcelona,8839446047fffff,0.0
barcelona,88394461d3fffff,0.0
barcelona,8839446059fffff,0.0
barcelona,88394462ebfffff,0.0
barcelona,88394462e1fffff,0.0
barcelona,8839446153fffff,0.0
barcelona,8839446311fffff,0.0
barcelona,8839446237fffff,0.0
barcelona,8839446289fffff,0.0
barcelona,88394462c7fffff,0.0
barcelona,88394462c3fffff,0.0
barcelona,883944605dfffff,0.0
barcelona,883944604bfffff,0.0
barcelona,88394461a5fffff,0.0
barcelona,8839446ad3fffff,1.5314162763767853
barcelona,8839446233fffff,0.0
barcelona,8839446adbfffff,0.0
barcelona,88394461adfffff,0.0
barcelona,8839446133fffff,0.0
barcelona,88394461a9fffff,0.0
barcelona,88394461e5fffff,0.0
barcelona,88394461e1fffff,0.0
barcelona,8839446319fffff,0.0
barcelona,88394462d5fffff,0.0
barcelona,8839446227fffff,0.0
barcelona,88394462b3fffff,0.0
amsterdam,881969c9b7fffff,0.0
amsterdam,881969526bfffff,0.0
amsterdam,881969526dfffff,0.0
amsterdam,8819695265fffff,0.0
amsterdam,8819695269fffff,0.0
amsterdam,881969c9b3fffff,0.0
amsterdam,8819695343fffff,0.0
amsterdam,881969535dfffff,0.0
amsterdam,8819695355fffff,0.0
amsterdam,8819695309fffff,0.0
amsterdam,881969c9bbfffff,0.0
amsterdam,881969c9b5fffff,0.0
amsterdam,8819695351fffff,0.0
amsterdam,881969530bfffff,0.0
amsterdam,881969c983fffff,0.0
amsterdam,8819695357fffff,0.0
amsterdam,8819695251fffff,0.0
amsterdam,8819695259fffff,0.0
amsterdam,881969534bfffff,0.0
amsterdam,8819695245fffff,0.0
amsterdam,881969524bfffff,0.0
amsterdam,8819695243fffff,0.0
amsterdam,8819695249fffff,0.0
amsterdam,881969520bfffff,0.0
amsterdam,881969525dfffff,0.0
amsterdam,881968269bfffff,0.0
amsterdam,881969c9a7fffff,0.0
amsterdam,8819695349fffff,0.0
amsterdam,8819695241fffff,0.0
amsterdam,8819695247fffff,0.0
amsterdam,8819682699fffff,0.0
amsterdam,881969c9a5fffff,0.0
amsterdam,881969c9bdfffff,0.0
amsterdam,881969c993fffff,0.0
amsterdam,881969522dfffff,0.0
amsterdam,8819695267fffff,0.0
amsterdam,8819695315fffff,0.0
amsterdam,8819695311fffff,0.0
amsterdam,8819695207fffff,0.0
amsterdam,8819695049fffff,0.0
amsterdam,881969531bfffff,0.0
amsterdam,881969c9a1fffff,0.0
amsterdam,8819695301fffff,0.0
amsterdam,8819695347fffff,0.0
amsterdam,881969530dfffff,0.0
amsterdam,8819695345fffff,0.0
amsterdam,8819695209fffff,0.0
amsterdam,881969505dfffff,1.3309331413117302
amsterdam,8819695237fffff,0.0
amsterdam,881969504bfffff,2.38701574586786
amsterdam,8819695061fffff,0.0
amsterdam,8819695043fffff,0.0
amsterdam,881969506bfffff,0.0
amsterdam,8819695045fffff,0.0
amsterdam,8819695069fffff,0.0
amsterdam,8819695041fffff,0.9480447644735376
amsterdam,8819695235fffff,0.0
amsterdam,881969504dfffff,0.0
amsterdam,8819695313fffff,0.0
amsterdam,881969514bfffff,0.0
amsterdam,8819695317fffff,0.0
amsterdam,8819695231fffff,0.0
amsterdam,881969533bfffff,0.0
amsterdam,8819695149fffff,0.0
amsterdam,881969523dfffff,0.0
amsterdam,8819695227fffff,0.0
amsterdam,8819695223fffff,0.0
amsterdam,881969514dfffff,0.0
amsterdam,8819695331fffff,0.0
amsterdam,8819695239fffff,0.0
amsterdam,8819695335fffff,0.0
amsterdam,8819695339fffff,0.0
amsterdam,8819695215fffff,0.0
amsterdam,881969521dfffff,0.0
amsterdam,8819695203fffff,0.0
amsterdam,8819695323fffff,0.0
amsterdam,8819695221fffff,0.0
amsterdam,8819695327fffff,0.0
amsterdam,881969522bfffff,0.0
amsterdam,881968249bfffff,0.0
amsterdam,881969533dfffff,0.0
amsterdam,8819695319fffff,0.0
amsterdam,881969531dfffff,0.0
amsterdam,8819695303fffff,0.0
amsterdam,881969cd67fffff,0.0
amsterdam,8819695225fffff,0.0
amsterdam,8819695307fffff,0.0
amsterdam,8819695201fffff,0.0
amsterdam,8819682491fffff,0.0
amsterdam,8819695321fffff,0.0
amsterdam,8819695205fffff,0.0
amsterdam,881969532bfffff,0.0
amsterdam,8819695229fffff,0.0
amsterdam,8819695325fffff,0.0
amsterdam,8819682499fffff,0.0
amsterdam,8819695353fffff,0.0
amsterdam,881968249dfffff,0.0
amsterdam,8819695305fffff,0.0
amsterdam,881969cd63fffff,0.0
amsterdam,8819695263fffff,0.0
amsterdam,881969520dfffff,0.0
amsterdam,881969532dfffff,0.0
amsterdam,8819695329fffff,0.0
amsterdam,8819682483fffff,0.0
amsterdam,88196824d3fffff,2.60770320892334e-08
amsterdam,881969535bfffff,0.0
amsterdam,88196824d7fffff,0.0
amsterdam,881969cd61fffff,0.0
amsterdam,8819695255fffff,0.0
amsterdam,881968248bfffff,0.0
amsterdam,881969cd65fffff,0.0
amsterdam,8819682481fffff,0.0
amsterdam,8819695363fffff,0.0
amsterdam,8819695367fffff,0.0
amsterdam,8819695261fffff,0.0
amsterdam,88196824d5fffff,0.0
amsterdam,88196824dbfffff,0.0
amsterdam,88196824d1fffff,0.0
amsterdam,8819695359fffff,0.0
amsterdam,881969c8b3fffff,0.0
amsterdam,881969536bfffff,0.0
amsterdam,881969c8b7fffff,0.0
amsterdam,8819695361fffff,0.0
amsterdam,881969c8b5fffff,0.0
amsterdam,88196824d9fffff,0.0
amsterdam,8819695341fffff,0.0
amsterdam,881969c8b1fffff,0.0
amsterdam,88196824c3fffff,0.0
amsterdam,881969524dfffff,0.0
amsterdam,881969536dfffff,0.0
amsterdam,88196824ddfffff,0.0
amsterdam,8819695369fffff,0.0
amsterdam,8819695365fffff,0.0
amsterdam,881969c997fffff,0.0
amsterdam,88196826b3fffff,0.0
amsterdam,88196826b7fffff,0.0
amsterdam,881969c9b1fffff,0.0
amsterdam,88196824c1fffff,0.0
amsterdam,881969c8a3fffff,0.0
amsterdam,881969c8bdfffff,0.0
amsterdam,8819682693fffff,0.0
amsterdam,881969534dfffff,0.0
amsterdam,88196824cbfffff,0.0
amsterdam,88196824c5fffff,0.0
amsterdam,8819682697fffff,0.0
amsterdam,88196826bbfffff,0.0
amsterdam,881969c991fffff,0.0
amsterdam,88196826b1fffff,0.0
amsterdam,881969c8a7fffff,0.0
amsterdam,88196826b5fffff,0.0
amsterdam,881969c8abfffff,0.0
amsterdam,881969c9b9fffff,0.0
amsterdam,881969c995fffff,0.0
amsterdam,881969c9a3fffff,0.0
amsterdam,88196824cdfffff,0.0
amsterdam,88196824c9fffff,0.0
amsterdam,8819682691fffff,0.0
amsterdam,8819682695fffff,0.0
amsterdam,881969c8a1fffff,0.0
amsterdam,881969c99dfffff,0.0
amsterdam,881969c8a5fffff,0.0
amsterdam,881969c999fffff,0.0
amsterdam,88196826b9fffff,0.0
amsterdam,88196826bdfffff,0.0
amsterdam,881969c9abfffff,0.0
amsterdam,881969c987fffff,0.0
amsterdam,881969c8adfffff,0.0
amsterdam,88196826a3fffff,0.0
amsterdam,88196826a7fffff,0.0
amsterdam,881969c9d3fffff,0.0
amsterdam,881969c8a9fffff,0.0
amsterdam,8819682683fffff,0.0
amsterdam,881968269dfffff,0.0
amsterdam,881969c9d7fffff,0.0
amsterdam,881969c98bfffff,0.0
amsterdam,881968241bfffff,0.0
amsterdam,881969c981fffff,0.0
amsterdam,88196826abfffff,0.0
amsterdam,881969c9dbfffff,0.0
amsterdam,88196826a1fffff,0.0
amsterdam,88196826a5fffff,0.0
amsterdam,8819682687fffff,0.0
amsterdam,881969c9adfffff,0.0
amsterdam,881969c9a9fffff,0.0
amsterdam,881969c985fffff,0.0
amsterdam,8819682419fffff,0.0
amsterdam,88196826d3fffff,0.0
amsterdam,881969c9d5fffff,0.0
amsterdam,881969c9d1fffff,0.0
amsterdam,8819682685fffff,0.0
amsterdam,881969c989fffff,0.0
amsterdam,881969c98dfffff,0.0
amsterdam,88196826d7fffff,0.0
amsterdam,881969c9e3fffff,0.0
amsterdam,881969c9d9fffff,0.0
amsterdam,8819682457fffff,0.0
amsterdam,881968241dfffff,0.0
amsterdam,881968240bfffff,0.0
amsterdam,881969c9c3fffff,0.0
amsterdam,881969c9ddfffff,0.0
amsterdam,881969c9c7fffff,0.0
amsterdam,881969c9ebfffff,0.0
amsterdam,881969c9e1fffff,0.0
amsterdam,8819682455fffff,0.0
amsterdam,8819682451fffff,0.0
amsterdam,88196826e1fffff,0.0
amsterdam,881969c9c1fffff,0.0
amsterdam,881969c9e5fffff,0.0
amsterdam,881969c9c5fffff,0.0
amsterdam,881969c9e9fffff,0.0
amsterdam,881969c9edfffff,0.0
amsterdam,881968245dfffff,0.0
amsterdam,881969c933fffff,0.0
amsterdam,88196826d9fffff,0.0
amsterdam,881969c937fffff,0.0
amsterdam,881969c913fffff,0.0
amsterdam,881969c93bfffff,0.0
amsterdam,881969c917fffff,0.0
amsterdam,881969c931fffff,0.0
amsterdam,881969525bfffff,0.0
amsterdam,881969cd29fffff,0.0
amsterdam,881969c8b9fffff,0.0
amsterdam,8819695257fffff,0.0
amsterdam,88196824c7fffff,0.0
amsterdam,8819682489fffff,0.0
amsterdam,881969c8e7fffff,0.0
amsterdam,881968248dfffff,0.0
phoenix,8829b6d313fffff,0.0
phoenix,8829b6d209fffff,0.0
phoenix,8829b6d201fffff,0.0
phoenix,8829b6d35bfffff,0.0
phoenix,8829b6d267fffff,0.0
phoenix,8829b6d263fffff,0.0
phoenix,8829b6d359fffff,0.0
phoenix,8829b6d20dfffff,0.0
phoenix,8829b6d20bfffff,0.0
phoenix,8829b6d257fffff,0.0
phoenix,8829b6d66bfffff,0.0
phoenix,8848e96d97fffff,0.0
phoenix,8848eba4ebfffff,0.0
phoenix,8829b6c33bfffff,0.0
phoenix,8829b6c331fffff,0.0
phoenix,8829b6d001fffff,0.0
phoenix,8829b6d8a9fffff,1.043081283569336e-07
phoenix,8829b6c13bfffff,1.043081283569336e-07
phoenix,8829b6d0e7fffff,0.0
phoenix,8848e9698bfffff,0.0
phoenix,8829b6d03bfffff,0.0
phoenix,8829b6c2b9fffff,0.0
phoenix,8848eba48bfffff,0.0
phoenix,8848eba489fffff,0.0
phoenix,8829b6d9dbfffff,0.0
phoenix,8829b6d229fffff,0.0
phoenix,8829b6da45fffff,2.60770320892334e-08
phoenix,8829b6d9d9fffff,0.0
phoenix,8829b6c327fffff,0.0
phoenix,8829b6c065fffff,0.0
phoenix,8829b6d335fffff,0.0
phoenix,8848ebb481fffff,0.0
phoenix,8848eba6c7fffff,0.0
phoenix,8848eba6c3fffff,0.0
phoenix,8848eba481fffff,0.0
phoenix,8829b6c247fffff,0.0
phoenix,8829b6c323fffff,2.086162567138672e-07
phoenix,8829b6d305fffff,2.086162567138672e-07
phoenix,8829b6c365fffff,0.0
phoenix,8829b6d1e1fffff,0.0
phoenix,8829b6d109fffff,0.0
phoenix,8829b6d10bfffff,0.0
phoenix,8829b6d053fffff,0.0
phoenix,8829b6d055fffff,0.0
phoenix,8829b6c201fffff,0.0
phoenix,8829b6c111fffff,0.0
phoenix,8829b6d881fffff,0.0
phoenix,8848eba5dbfffff,0.0
phoenix,8848eba4e7fffff,0.0
phoenix,8829b6d1a3fffff,0.0
phoenix,8829b6d191fffff,0.0
phoenix,8829b6d199fffff,0.0
phoenix,8829b6d1c7fffff,0.0
phoenix,8829b6d28bfffff,0.0
phoenix,8848eba681fffff,0.0
phoenix,8829b6c35dfffff,0.0
phoenix,8829b6c34bfffff,0.0
phoenix,8829b6c0e1fffff,0.0
phoenix,8829b6d003fffff,0.0
phoenix,8848ebb4b1fffff,0.0
phoenix,8829b6c0e9fffff,0.0
phoenix,8829b6d1b7fffff,0.0
phoenix,8829b6d1b5fffff,0.0
phoenix,8829b6d8dbfffff,0.0
phoenix,8829b6d8d3fffff,2.950279395762582e-07
phoenix,8829b6d8a1fffff,0.0
phoenix,8829b6d119fffff,0.0
phoenix,8848ebb483fffff,1.475139697881291e-07
phoenix,8829b6c055fffff,0.0
phoenix,8829b6d139fffff,0.0
phoenix,8829b6d131fffff,0.0
phoenix,8829b6d13dfffff,0.0
phoenix,8829b6d107fffff,0.0
phoenix,8829b6da49fffff,0.0
phoenix,8829b6d1bdfffff,0.0
phoenix,8829b6c017fffff,0.0
phoenix,8829b6c145fffff,0.0
phoenix,8829b6d0a5fffff,0.0
phoenix,8829b6d0adfffff,0.0
phoenix,8829b6c03bfffff,0.0
phoenix,8829b6d1d3fffff,0.0
phoenix,8848eba4d5fffff,0.0
phoenix,8829b6c05dfffff,0.0
phoenix,8829b6d8c1fffff,0.0
phoenix,8829b6d8cbfffff,0.0
phoenix,8829b6d9d1fffff,0.0
phoenix,8829b6da53fffff,0.0
phoenix,8829b6d81bfffff,0.0
phoenix,8829b6dab3fffff,0.0
phoenix,8829b6dab7fffff,0.0
phoenix,8848e96d85fffff,0.0
phoenix,8848e96d87fffff,0.0
phoenix,8829b6d1cbfffff,0.0
phoenix,8829b6da4bfffff,0.0
phoenix,8829b6c04dfffff,0.0
phoenix,8829b6d999fffff,0.0
phoenix,8829b6d9d3fffff,0.0
phoenix,8829b6c109fffff,0.0
phoenix,8829b6c069fffff,0.0
phoenix,8829b6c301fffff,7.375698489406456e-08
phoenix,8829b6c30dfffff,0.0
phoenix,8829b6d333fffff,0.0
phoenix,8829b6d331fffff,0.0
phoenix,8829b6d1ddfffff,0.0
phoenix,8829b6d343fffff,0.0
phoenix,8829b6d525fffff,0.0
phoenix,8829b6d325fffff,0.0
phoenix,8829b6d2d3fffff,0.0
phoenix,8829b6d129fffff,0.0
phoenix,8829b6d2d5fffff,0.0
phoenix,8829b6d2d1fffff,0.0
phoenix,8829b6d1d7fffff,0.0
phoenix,8829b6c263fffff,0.0
phoenix,8829b6c267fffff,0.0
phoenix,8848e96931fffff,0.0
phoenix,8848e96933fffff,4.172325134277344e-07
phoenix,8829b6d023fffff,0.0
phoenix,8829b6c141fffff,0.0
phoenix,8848e969a3fffff,4.081276762820583
phoenix,8829b6c231fffff,0.0
phoenix,8829b6d1d9fffff,0.0
phoenix,8829b6d143fffff,2.518220981450627e-07
phoenix,8829b6d0b9fffff,0.0
phoenix,8829b6d087fffff,0.0
phoenix,8848e96b27fffff,0.0
phoenix,8829b6d345fffff,0.0
phoenix,8829b6d34dfffff,0.0
phoenix,8829b6c23dfffff,0.0
phoenix,8829b6c235fffff,0.0
phoenix,8829b6d0edfffff,0.0
phoenix,8829b6d017fffff,0.0
phoenix,8848eba65dfffff,0.0
phoenix,8829b6d0e5fffff,0.0
phoenix,8829b6d027fffff,0.0
phoenix,8829b6d057fffff,0.0
phoenix,8829b6da5bfffff,0.0
phoenix,8848eba689fffff,0.0
phoenix,8829b6c245fffff,0.0
phoenix,8829b6c20dfffff,0.0
phoenix,8829b6d039fffff,0.0
phoenix,8829b6d015fffff,0.0
phoenix,8829b6c227fffff,2.950279395762582e-07
phoenix,8848e96db1fffff,0.0
phoenix,8829b6c013fffff,1.475139697881291e-07
phoenix,8829b6d1e5fffff,0.0
phoenix,8829b6d02bfffff,0.0
phoenix,8829b6d0e1fffff,0.0
phoenix,8829b6d31dfffff,0.0
phoenix,8829b6d893fffff,0.0
phoenix,8829b6d05bfffff,0.0
phoenix,8829b6d813fffff,0.0
phoenix,8848e969adfffff,1.475139697881291e-07
phoenix,8848e969a5fffff,2.063560968169552
phoenix,8829b6da47fffff,0.0
phoenix,8829b6da41fffff,2.950279395762582e-07
phoenix,8848ebb495fffff,0.0
phoenix,8848eba4e5fffff,0.0
phoenix,8848eba4e1fffff,0.0
phoenix,8829b6c315fffff,0.0
phoenix,8829b6c339fffff,0.0
phoenix,8829b6c10bfffff,0.0
phoenix,8829b6c329fffff,0.0
phoenix,8829b6c32dfffff,0.0
phoenix,8829b6d8abfffff,0.0
phoenix,8829b6d2a9fffff,2.086162567138672e-07
phoenix,8829b6d8ddfffff,0.0
phoenix,8829b6d0a9fffff,0.0
phoenix,8829b6c335fffff,0.0
phoenix,8829b6d0e3fffff,0.0
phoenix,8829b6dab9fffff,2.950279395762582e-07
phoenix,8829b6c205fffff,0.0
phoenix,8829b6c207fffff,0.0
phoenix,8829b6d021fffff,0.0
phoenix,8829b6d645fffff,0.0
phoenix,8829b6c147fffff,0.0
phoenix,8829b6d29dfffff,0.0
phoenix,8829b6c313fffff,0.0
phoenix,8829b6c317fffff,0.0
phoenix,8829b6d2d7fffff,0.0
phoenix,8829b6d061fffff,0.0
phoenix,8848e96937fffff,0.0
phoenix,8829b6d04bfffff,0.0
phoenix,8848e96db5fffff,0.0
phoenix,8829b6c2c5fffff,1.043081283569336e-07
phoenix,8829b6d05dfffff,0.0
phoenix,8829b6d153fffff,0.0
phoenix,8829b6d025fffff,0.0
phoenix,8829b6c143fffff,8.344650268554688e-07
phoenix,8829b6d01dfffff,0.0
phoenix,8829b6d8d5fffff,4.172325134277344e-07
phoenix,8848e9693bfffff,0.0
phoenix,8829b6d891fffff,0.0
phoenix,8829b6d8a3fffff,0.0
phoenix,8829b6c149fffff,0.0
phoenix,8829b6c14dfffff,0.0
phoenix,8829b6d897fffff,0.0
phoenix,8829b6d895fffff,0.0
phoenix,8829b6d8bdfffff,0.0
phoenix,8829b6c337fffff,0.0
phoenix,8829b6d8b9fffff,0.0
phoenix,8829b6da85fffff,0.0
phoenix,8829b6daa9fffff,0.0
phoenix,8848ebb4b5fffff,0.0
phoenix,8848ebb4b7fffff,0.0
phoenix,8848eba64bfffff,0.0
phoenix,8848ebb4b3fffff,0.0
phoenix,8848e9696dfffff,0.0
phoenix,8829b6d88bfffff,0.0
phoenix,8829b6d889fffff,0.0
phoenix,8848eba61dfffff,0.0
phoenix,8848eba603fffff,0.0
phoenix,8829b6d289fffff,0.0
phoenix,8829b6d2b9fffff,0.0
phoenix,8829b6d2bdfffff,5.21540641784668e-08
phoenix,8829b6d2c7fffff,0.0
phoenix,8829b6d281fffff,0.0
phoenix,8829b6d28dfffff,0.0
phoenix,8829b6d2c1fffff,0.0
phoenix,8829b6d2cdfffff,0.0
phoenix,8848e9698dfffff,0.0
phoenix,8848e969e3fffff,0.0
phoenix,8848e969ebfffff,0.0
phoenix,8848e96985fffff,0.0
phoenix,8848e969abfffff,0.0
phoenix,8829b6d35dfffff,0.0
phoenix,8829b6c029fffff,0.0
phoenix,8829b6c00bfffff,0.0
phoenix,8829b6c2abfffff,0.0
phoenix,8829b6c005fffff,0.0
phoenix,8829b6c001fffff,2.086162567138672e-07
phoenix,8829b6c2a5fffff,0.0
phoenix,8829b6c053fffff,0.0
phoenix,8829b6c2a1fffff,0.0
phoenix,8829b6c019fffff,0.0
phoenix,8829b6c287fffff,0.0
phoenix,8848eba6a9fffff,0.0
phoenix,8829b6d0ebfffff,0.0
phoenix,8829b6dae3fffff,0.0
phoenix,8829b6c241fffff,0.0
phoenix,8848e96d35fffff,0.0
phoenix,8829b6d2ddfffff,0.0
phoenix,8848e96917fffff,0.0
phoenix,8848e969cdfffff,0.0
phoenix,8848e96913fffff,0.0
phoenix,8848e969e7fffff,0.0
phoenix,8848e96b07fffff,0.0
phoenix,8848eba657fffff,0.0
phoenix,8848eba655fffff,0.0
phoenix,8848e96d89fffff,0.0
phoenix,8848e96dc3fffff,0.0
phoenix,8848e96dd5fffff,0.0
phoenix,8829b6d2e9fffff,0.0
phoenix,8829b6d213fffff,0.0
phoenix,8829b6d22bfffff,0.0
phoenix,8829b6d205fffff,0.0
phoenix,8829b6d26bfffff,0.0
phoenix,8829b6d261fffff,0.0
phoenix,8848e9699bfffff,0.0
phoenix,8848e96991fffff,0.0
phoenix,8848eba617fffff,0.0
phoenix,8848eba6e9fffff,0.0
phoenix,8848eba6e1fffff,0.0
phoenix,8848e969e1fffff,1.475139697881291e-07
phoenix,8848e969e9fffff,0.0
phoenix,8829b6d341fffff,0.0
phoenix,8829b6d34bfffff,0.7139916347103027
phoenix,8848e96b39fffff,0.0
phoenix,8848e96b3dfffff,0.0
phoenix,8829b6d349fffff,1.9469640610253591
phoenix,8848e969a1fffff,1.10676233700704
phoenix,8848e969a9fffff,0.0
phoenix,8848e96b31fffff,0.0
phoenix,8829b6d309fffff,0.0
phoenix,8829b6c369fffff,0.0
phoenix,8829b6c36dfffff,0.0
phoenix,8848e96dabfffff,0.0
phoenix,8848eba659fffff,0.0
phoenix,8848eba65bfffff,0.0
phoenix,8848eba651fffff,0.0
phoenix,8848eba619fffff,0.0
phoenix,8829b6d207fffff,1.475139697881291e-07
phoenix,8829b6d239fffff,0.0
phoenix,8829b6d203fffff,0.0
phoenix,8829b6d215fffff,0.0
phoenix,8829b6d211fffff,4.172325134277344e-07
phoenix,8829b6d21bfffff,0.0
phoenix,8829b6d221fffff,0.0
phoenix,8829b6d319fffff,0.0
phoenix,8829b6d353fffff,0.0
phoenix,8829b6d225fffff,0.0
phoenix,8829b6d147fffff,0.0
phoenix,8829b6d161fffff,0.0
phoenix,8829b6d165fffff,0.0
phoenix,8848eba4b3fffff,0.0
phoenix,8829b6da59fffff,0.0
phoenix,8848eba4b7fffff,0.0
phoenix,8848e96939fffff,0.0
phoenix,8848e96b23fffff,0.0
phoenix,8848e96b21fffff,0.0
phoenix,8848eba699fffff,1.7552650198963897
phoenix,8848eba6d1fffff,0.0
phoenix,8848eba6d9fffff,0.0
phoenix,8848eba6d7fffff,0.0
phoenix,8848eba6d3fffff,0.0
phoenix,8829b6c007fffff,0.0
phoenix,8829b6c2edfffff,0.0
phoenix,8829b6c233fffff,0.0
phoenix,8829b6c2ebfffff,0.0
phoenix,8829b6c2e9fffff,0.0
phoenix,8829b6c011fffff,0.0
phoenix,8829b6c01bfffff,0.0
phoenix,8829b6c253fffff,0.0
phoenix,8829b6c257fffff,1.475139697881291e-07
phoenix,8829b6c20bfffff,0.0
phoenix,8829b6c35bfffff,0.0
phoenix,8829b6c22dfffff,0.0
phoenix,8829b6c229fffff,0.0
phoenix,8829b6c219fffff,0.0
phoenix,8829b6c351fffff,0.0
phoenix,8829b6d521fffff,0.0
phoenix,8829b6d52dfffff,0.0
phoenix,8829b6d189fffff,0.0
phoenix,8829b6d1c3fffff,2.950279395762582e-07
phoenix,8829b6d081fffff,0.0
phoenix,8829b6d08dfffff,0.0
phoenix,8829b6d085fffff,0.0
phoenix,8829b6d1dbfffff,0.0
phoenix,8829b6d1d1fffff,0.0
phoenix,8829b6d1d5fffff,0.0
phoenix,8829b6da4dfffff,0.0
phoenix,8829b6d81dfffff,0.0
phoenix,8829b6d819fffff,0.0
phoenix,8829b6d811fffff,0.0
phoenix,8829b6d8e7fffff,0.0
phoenix,8829b6d8adfffff,0.0
phoenix,8829b6d817fffff,0.0
phoenix,8829b6d8edfffff,0.0
phoenix,8829b6d8e9fffff,0.0
phoenix,8829b6d8e1fffff,0.0
phoenix,8829b6d857fffff,8.344650268554688e-07
phoenix,8829b6d8cdfffff,0.0
phoenix,8848eba4a3fffff,0.0
phoenix,8829b6daa7fffff,0.0
phoenix,8829b6daa5fffff,0.0
phoenix,8848eba4abfffff,0.0
phoenix,8829b6d8c7fffff,0.0
phoenix,8829b6d8ebfffff,0.0
phoenix,8829b6d88dfffff,0.0
phoenix,8848eba4b5fffff,0.0
phoenix,8829b6d885fffff,1.475139697881291e-07
phoenix,8829b6d887fffff,0.0
phoenix,8829b6d899fffff,0.0
phoenix,8829b6d2c9fffff,0.0
phoenix,8829b6d23dfffff,2.086162567138672e-07
phoenix,8829b6da5dfffff,0.0
phoenix,8829b6d2c5fffff,0.0
phoenix,8829b6d235fffff,0.0
phoenix,8829b6d049fffff,0.0
phoenix,8848e96d8dfffff,0.0
phoenix,8829b6d237fffff,0.0
phoenix,8829b6d2d9fffff,0.0
phoenix,8829b6d2ebfffff,0.0
phoenix,8848e96de5fffff,0.0
phoenix,8829b6d2c3fffff,0.0
phoenix,8829b6d233fffff,2.086162567138672e-07
phoenix,8829b6d2edfffff,0.0
phoenix,8829b6d1a7fffff,0.0
phoenix,8829b6c36bfffff,0.0
phoenix,8829b6c345fffff,0.0
phoenix,8829b6d00bfffff,0.0
phoenix,8829b6c059fffff,0.0
phoenix,8829b6c237fffff,0.0
phoenix,8829b6c041fffff,0.0
phoenix,8829b6c043fffff,0.0
phoenix,8829b6d037fffff,4.172325134277344e-07
phoenix,8829b6c009fffff,4.172325134277344e-07
phoenix,8829b6d193fffff,0.0
phoenix,8829b6d041fffff,0.0
phoenix,8829b6d031fffff,0.0
phoenix,8829b6d03dfffff,0.0
phoenix,8829b6d007fffff,0.0
phoenix,8829b6c26dfffff,0.0
phoenix,8829b6c261fffff,0.0
phoenix,8829b6c25dfffff,0.0
phoenix,8829b6c243fffff,2.086162567138672e-07
phoenix,8829b6c26bfffff,0.0
phoenix,8829b6c269fffff,2.950279395762582e-07
phoenix,8829b6c251fffff,0.0
phoenix,8829b6d641fffff,5.082657228880709
phoenix,8829b6d649fffff,2.615184360329821
phoenix,8848eba4d3fffff,8.344650268554688e-07
phoenix,8848eba499fffff,0.0
phoenix,8829b6d181fffff,1.043081283569336e-07
phoenix,8829b6d18bfffff,0.0
phoenix,8829b6d0a1fffff,0.0
phoenix,8829b6d0abfffff,0.0
phoenix,8848eba613fffff,0.0
phoenix,8829b6da51fffff,0.0
phoenix,8829b6da55fffff,0.0
phoenix,8829b6c25bfffff,0.0
phoenix,8829b6c259fffff,0.0
phoenix,8829b6d567fffff,0.0
phoenix,8829b6c223fffff,0.0
phoenix,8829b6c049fffff,0.0
phoenix,8829b6c31bfffff,0.0
phoenix,8829b6c23bfffff,1.043081283569336e-07
phoenix,8829b6c217fffff,0.0
phoenix,8829b6d133fffff,0.0
phoenix,8829b6d1ebfffff,0.0
phoenix,8829b6d1edfffff,0.0
phoenix,8829b6d1e9fffff,0.0
phoenix,8829b6c357fffff,0.0
phoenix,8829b6c353fffff,0.0
phoenix,8848eba653fffff,0.0
phoenix,8829b6d255fffff,0.0
phoenix,8829b6d15dfffff,0.0
phoenix,8829b6d1e7fffff,0.0
phoenix,8829b6d337fffff,0.0
phoenix,8829b6d117fffff,0.0
phoenix,8829b6d111fffff,0.0
phoenix,8829b6d11dfffff,0.0
phoenix,8829b6c151fffff,0.0
phoenix,8829b6c159fffff,2.086162567138672e-07
phoenix,8829b6d1a1fffff,0.0
phoenix,8829b6c153fffff,0.0
phoenix,8829b6d33dfffff,0.0
phoenix,8829b6c30bfffff,0.0
phoenix,8829b6c31dfffff,0.0
phoenix,8829b6d8e5fffff,0.0
phoenix,8829b6d8e3fffff,0.0
phoenix,8829b6c367fffff,0.0
phoenix,8829b6d8d1fffff,0.0
phoenix,8829b6c347fffff,0.0
phoenix,8848eba485fffff,0.0
phoenix,8829b6d8b1fffff,0.0
phoenix,8829b6c249fffff,0.0
phoenix,8829b6c209fffff,0.0
phoenix,8829b6c203fffff,2.086162567138672e-07
phoenix,8829b6c239fffff,0.0
phoenix,8829b6c057fffff,0.0
phoenix,8829b6c051fffff,0.0
phoenix,8829b6c05bfffff,0.0
phoenix,8829b6d011fffff,0.0
phoenix,8829b6d019fffff,0.0
phoenix,8829b6d051fffff,0.0
phoenix,8829b6d0e9fffff,0.0
phoenix,8829b6d0a7fffff,0.0
phoenix,8829b6d231fffff,0.0
phoenix,8848eba4bdfffff,0.0
phoenix,8848eba487fffff,0.0
phoenix,8829b6d8c9fffff,0.0
phoenix,8848eba48dfffff,0.0
phoenix,8829b6d8c5fffff,0.0
phoenix,8829b6d0bdfffff,0.0
phoenix,8848e9693dfffff,0.0
phoenix,8848e9699dfffff,1.475139697881291e-07
phoenix,8848e969d7fffff,0.0
phoenix,8848e96debfffff,0.0
phoenix,8848e96dc7fffff,0.0
phoenix,8848e96dbdfffff,0.0
phoenix,8848e96da3fffff,0.0
phoenix,8848e96d81fffff,0.0
phoenix,8829b6c311fffff,0.0
phoenix,8829b6d1b9fffff,0.0
phoenix,8829b6d187fffff,0.0
phoenix,8829b6d183fffff,0.0
phoenix,8829b6c063fffff,0.0
phoenix,8829b6c061fffff,0.0
phoenix,8829b6c319fffff,0.0
phoenix,8829b6dabbfffff,0.0
phoenix,8829b6dab1fffff,0.0
phoenix,8829b6dab5fffff,0.0
phoenix,8848e96db9fffff,0.0
phoenix,8829b6d2cbfffff,0.0
phoenix,8829b6da99fffff,0.0
phoenix,8829b6d1abfffff,0.0
phoenix,8829b6da8bfffff,0.0
phoenix,8829b6da83fffff,0.0
phoenix,8829b6d1a5fffff,8.850838187287748e-07
phoenix,8848e969edfffff,0.0
phoenix,8829b6c24bfffff,0.0
phoenix,8829b6d1b3fffff,0.0
phoenix,8829b6c115fffff,0.0
phoenix,8848e96db3fffff,0.0
phoenix,8829b6c04bfffff,0.0
phoenix,8829b6c2e1fffff,0.0
phoenix,8829b6c2c7fffff,0.0
phoenix,8848eba6dbfffff,0.0
phoenix,8829b6c10dfffff,0.0
phoenix,8848eba6b9fffff,0.0
phoenix,8848eba687fffff,0.0
phoenix,8848eba6abfffff,0.0
phoenix,8848eba6a1fffff,0.0
phoenix,8848e969a7fffff,0.0
phoenix,8848eba6d5fffff,2.086162567138672e-07
phoenix,8829b6c215fffff,7.375698489406456e-08
phoenix,8829b6c211fffff,0.0
phoenix,8829b6d145fffff,4.172325134277344e-07
phoenix,8848eba493fffff,0.0
phoenix,8829b6d14dfffff,2.950279395762582e-07
phoenix,8829b6d32dfffff,0.0
phoenix,8829b6d10dfffff,0.0
phoenix,8829b6d105fffff,0.0
phoenix,8829b6c361fffff,0.0
phoenix,8829b6da9dfffff,0.0
phoenix,8829b6dad7fffff,0.0
phoenix,8848eba49bfffff,0.0
phoenix,8829b6d327fffff,0.0
phoenix,8848eba4dbfffff,0.0
phoenix,8829b6c101fffff,0.0
phoenix,8829b6d30dfffff,0.0
phoenix,8829b6d347fffff,0.0
phoenix,8848e96b2bfffff,0.0
phoenix,8848e969e5fffff,0.0
phoenix,8829b6c06bfffff,0.0
phoenix,8829b6d063fffff,0.0
phoenix,8829b6c02bfffff,0.0
phoenix,8829b6d83bfffff,0.0
phoenix,8829b6da6bfffff,0.0
phoenix,8829b6da0dfffff,0.0
phoenix,8848eba4a5fffff,0.0
phoenix,8829b6d64dfffff,0.0
phoenix,8829b6c00dfffff,0.0
phoenix,8829b6c225fffff,2.086162567138672e-07
phoenix,8829b6d069fffff,0.0
phoenix,8829b6d1bbfffff,0.0
phoenix,8829b6c045fffff,0.0
phoenix,8829b6d1c9fffff,0.0
phoenix,8848e96d93fffff,0.0
phoenix,8848ebb491fffff,0.0
phoenix,8848ebb499fffff,0.0
phoenix,8848ebb4d3fffff,0.0
phoenix,8829b6d883fffff,0.0
phoenix,8829b6c325fffff,0.0
phoenix,8829b6d89bfffff,0.0
phoenix,8829b6c02dfffff,0.0
phoenix,8829b6c025fffff,0.0
phoenix,8829b6c309fffff,4.172325134277344e-07
phoenix,8829b6c355fffff,0.0
phoenix,8829b6d8c3fffff,0.0
phoenix,8829b6d833fffff,0.0
phoenix,8829b6c305fffff,0.0
phoenix,8829b6c0c5fffff,0.0
phoenix,8829b6c341fffff,0.0
phoenix,8848e96967fffff,0.0
phoenix,8848e96961fffff,0.0
phoenix,8848e96965fffff,0.0
phoenix,8829b6d0c1fffff,0.0
phoenix,8829b6d0c5fffff,0.0
phoenix,8848eba4a7fffff,0.0
phoenix,8829b6d2e3fffff,0.0
phoenix,8829b6d285fffff,0.0
phoenix,8829b6d043fffff,0.0
phoenix,8829b6d047fffff,0.0
phoenix,8829b6d2e7fffff,0.0
phoenix,8848e96dadfffff,0.0
phoenix,8848e96da9fffff,2.086162567138672e-07
phoenix,8848e96d83fffff,0.0
phoenix,8829b6d06bfffff,0.0
phoenix,8829b6d059fffff,0.0
phoenix,8829b6d13bfffff,0.0
phoenix,8829b6d1c5fffff,0.0
phoenix,8829b6d113fffff,0.0
phoenix,8829b6d0c7fffff,0.0
phoenix,8829b6d21dfffff,0.0
phoenix,8829b6d2a7fffff,0.0
phoenix,8829b6d2e5fffff,0.0
phoenix,8829b6d0b1fffff,0.0
phoenix,8829b6d0b7fffff,0.0
phoenix,8829b6c2e3fffff,0.0
phoenix,8829b6c2e7fffff,0.0
phoenix,8829b6d0cdfffff,0.0
phoenix,8829b6d089fffff,0.0
phoenix,8829b6d2e1fffff,0.0
phoenix,8829b6da87fffff,0.0
phoenix,8829b6daabfffff,0.0
phoenix,8848e96d29fffff,0.0
phoenix,8848e96d21fffff,0.0
phoenix,8829b6d0b5fffff,2.086162567138672e-07
phoenix,8829b6d0b3fffff,0.0
phoenix,8829b6d195fffff,1.475139697881291e-07
phoenix,8829b6d197fffff,0.0
phoenix,8829b6c003fffff,0.0
phoenix,8829b6c01dfffff,0.0
phoenix,8848e96da7fffff,0.0
phoenix,8829b6d155fffff,0.0
phoenix,8829b6d15bfffff,0.0
phoenix,8829b6d151fffff,0.0
phoenix,8829b6d16bfffff,0.0
phoenix,8829b6d16dfffff,0.0
phoenix,8829b6d035fffff,0.0
phoenix,8829b6c285fffff,0.0
phoenix,8829b6c281fffff,0.0
phoenix,8829b6d167fffff,0.0
phoenix,8829b6d163fffff,0.0
phoenix,8848e96da1fffff,0.0
phoenix,8829b6d749fffff,0.0
phoenix,8829b6c2a7fffff,0.0
phoenix,8829b6c2a3fffff,0.0
phoenix,8829b6c021fffff,0.0
phoenix,8829b6c015fffff,0.0
phoenix,8829b6d18dfffff,0.0
phoenix,8829b6d355fffff,0.0
phoenix,8829b6c32bfffff,0.0
phoenix,8829b6c307fffff,0.0
phoenix,8829b6d8d7fffff,0.0
phoenix,8829b6d351fffff,0.0
phoenix,8829b6c28dfffff,0.0
phoenix,8829b6c047fffff,0.0
phoenix,8848eba491fffff,0.0
phoenix,8848eba4d1fffff,0.0
phoenix,8829b6c16bfffff,0.0
phoenix,8829b6d169fffff,0.0
phoenix,8848e969c7fffff,0.0
phoenix,8848e969c5fffff,0.0
phoenix,8829b6d293fffff,0.0
phoenix,8829b6d299fffff,0.0
phoenix,8829b6d29bfffff,0.0
phoenix,8829b6d2dbfffff,0.0
phoenix,8829b6c33dfffff,0.0
phoenix,8829b6c15dfffff,0.0
phoenix,8829b6d32bfffff,1.043081283569336e-07
phoenix,8829b6d103fffff,0.0
phoenix,8829b6c155fffff,0.0
phoenix,8829b6c169fffff,2.950279395762582e-07
phoenix,8829b6c067fffff,4.172325134277344e-07
phoenix,8829b6d8b3fffff,0.0
phoenix,8829b6c16dfffff,0.0
phoenix,8848e96981fffff,0.0
phoenix,8829b6c0edfffff,0.0
phoenix,8829b6c22bfffff,2.086162567138672e-07
phoenix,8829b6d223fffff,0.0
phoenix,8829b6d8bbfffff,0.0
phoenix,8829b6da43fffff,0.0
phoenix,8829b6d8b5fffff,0.0
phoenix,8829b6d247fffff,0.0
phoenix,8829b6d19dfffff,0.0
phoenix,8829b6d19bfffff,0.0
phoenix,8848e96d23fffff,0.0
phoenix,8829b6d295fffff,0.0
phoenix,8829b6d283fffff,0.0
phoenix,8848e96b03fffff,0.0
phoenix,8848eba68bfffff,0.0
phoenix,8848eba68dfffff,2.086162567138672e-07
phoenix,8848eba6e3fffff,0.0
phoenix,8848eba6e7fffff,0.0
phoenix,8829b6c333fffff,0.0
phoenix,8829b6c06dfffff,0.0
phoenix,8829b6c14bfffff,0.0
phoenix,8848eba69dfffff,3.165750637514689
phoenix,8829b6d217fffff,0.0
phoenix,8848e96da5fffff,0.0
phoenix,8829b6d0c9fffff,0.0
phoenix,8829b6c21dfffff,0.0
phoenix,8829b6d2a1fffff,0.0
phoenix,8829b6d2adfffff,0.0
phoenix,8848ebb4d7fffff,0.0
phoenix,8848ebb48bfffff,0.0
phoenix,8848ebb489fffff,0.0
phoenix,8848ebb48dfffff,0.0
phoenix,8848e96dbbfffff,0.0
phoenix,8829b6d2a5fffff,0.0
phoenix,8829b6d291fffff,0.0
phoenix,8829b6d297fffff,0.0
phoenix,8829b6d2abfffff,0.0
phoenix,8829b6d2a3fffff,0.0
phoenix,8829b6d74dfffff,0.0
phoenix,8829b6d669fffff,2.086162567138672e-07
phoenix,8829b6d029fffff,0.0
phoenix,8829b6d005fffff,0.0
phoenix,8848e969b7fffff,3.9387722950952346
phoenix,8848e969bdfffff,1.2384762655433055
phoenix,8848e969b5fffff,1.979193290335916
phoenix,8848e96987fffff,0.0
phoenix,8829b6d8d9fffff,0.0
phoenix,8829b6c2a9fffff,0.0
phoenix,8829b6c2adfffff,0.0
phoenix,8829b6da19fffff,0.0
phoenix,8829b6da57fffff,0.0
phoenix,8829b6daa1fffff,0.0
phoenix,8848eba4b9fffff,0.0
phoenix,8848eba4b1fffff,0.0
phoenix,8829b6daa3fffff,0.0
phoenix,8829b6c161fffff,0.0
phoenix,8848ebb497fffff,0.0
phoenix,8848e96b37fffff,0.0
phoenix,8848ebb493fffff,0.0
phoenix,8848eba6c5fffff,0.0
phoenix,8848eba6edfffff,0.0
phoenix,8829b6d12bfffff,0.0
phoenix,8829b6da95fffff,0.0
phoenix,8829b6da97fffff,0.0
phoenix,8829b6dabdfffff,0.0
phoenix,8829b6c349fffff,0.0
phoenix,8829b6d185fffff,0.0
phoenix,8829b6d065fffff,0.0
phoenix,8829b6d067fffff,0.0
phoenix,8848ebb4bbfffff,0.0
phoenix,8848ebb49dfffff,0.0
phoenix,8848eba685fffff,0.0
phoenix,8848e96b25fffff,1.475139697881291e-07
phoenix,8848e96989fffff,0.0
phoenix,8848e969b9fffff,1.217208477357146
phoenix,8848e969c1fffff,0.0
phoenix,8829b6c24dfffff,0.0
phoenix,8829b6d045fffff,0.0
phoenix,8848eba6ddfffff,0.0
phoenix,8848e96983fffff,0.0
phoenix,8829b6d1cdfffff,0.0
phoenix,8829b6d219fffff,0.0
phoenix,8829b6d253fffff,0.0
phoenix,8829b6d251fffff,0.0
phoenix,8829b6d00dfffff,0.0
phoenix,8848e96d9bfffff,0.0
phoenix,8829b6c0cdfffff,0.0
phoenix,8829b6c039fffff,0.0
phoenix,8848e96d33fffff,0.0
phoenix,8829b6c21bfffff,0.0
phoenix,8829b6d12dfffff,0.0
phoenix,8829b6da81fffff,0.0
phoenix,8848eba497fffff,0.0
phoenix,8848eba49dfffff,0.0
phoenix,8848e96935fffff,0.0
phoenix,8829b6c157fffff,0.0
phoenix,8848e96969fffff,0.0
phoenix,8829b6d89dfffff,0.0
phoenix,8829b6d125fffff,0.0
phoenix,8848eba4c3fffff,0.0
phoenix,8848eba4bbfffff,0.0
phoenix,8848eba483fffff,0.0
phoenix,8829b6d339fffff,0.0
phoenix,8829b6d307fffff,0.0
phoenix,8829b6d321fffff,0.0
phoenix,8829b6d11bfffff,0.0
phoenix,8829b6d013fffff,0.0
phoenix,8829b6c2e5fffff,0.0
phoenix,8829b6d01bfffff,0.0
phoenix,8829b6d23bfffff,0.0
phoenix,8829b6d0a3fffff,0.0
phoenix,8829b6d1e3fffff,0.0
phoenix,8848eba4a1fffff,0.0
phoenix,8848eba495fffff,0.0
phoenix,8829b6da91fffff,0.0
phoenix,8829b6d853fffff,0.0
phoenix,8829b6d31bfffff,0.0
phoenix,8829b6d04dfffff,0.0
phoenix,8829b6c037fffff,0.0
phoenix,8829b6d527fffff,0.0
phoenix,8848ebb4b9fffff,0.0
phoenix,8848eba4c7fffff,0.0
phoenix,8848e96999fffff,0.0
phoenix,8829b6c15bfffff,0.0
phoenix,8829b6c303fffff,0.0
phoenix,8829b6d1a9fffff,0.0
phoenix,8829b6d159fffff,0.0
phoenix,8829b6d301fffff,0.0
phoenix,8829b6d303fffff,0.0
phoenix,8848eba6cbfffff,0.0
phoenix,8829b6d329fffff,0.0
phoenix,8848eba4d7fffff,0.0
phoenix,8848e96d25fffff,0.0
phoenix,8848e96d27fffff,5.900558791525164e-07
phoenix,8829b6d287fffff,0.0
phoenix,8829b6c2cdfffff,2.950279395762582e-07
phoenix,8829b6c2c1fffff,0.0
phoenix,8829b6d033fffff,1.043081283569336e-07
phoenix,8829b6d009fffff,2.086162567138672e-07
phoenix,8829b6d265fffff,0.0
phoenix,8848eba6bdfffff,2.1751082752658446
phoenix,8848eba6ebfffff,0.0
phoenix,8848eba6cdfffff,0.0
phoenix,8848eba4ddfffff,0.0
phoenix,8829b6daadfffff,0.0
phoenix,8848eba6a3fffff,0.0
phoenix,8848eba693fffff,0.0
phoenix,8848eba695fffff,0.0
phoenix,8848eba697fffff,0.0
phoenix,8829b6c117fffff,0.0
phoenix,8829b6d311fffff,3.47182003754725e-07
phoenix,8829b6d661fffff,0.0
phoenix,8829b6dadbfffff,0.0
phoenix,8829b6d357fffff,0.0
phoenix,8829b6d1c1fffff,0.0
phoenix,8829b6c023fffff,0.0
phoenix,8829b6d259fffff,0.0
phoenix,8829b6d25bfffff,0.0
phoenix,8848e969b3fffff,0.0
phoenix,8848e969b1fffff,0.0
phoenix,8829b6d269fffff,0.0
phoenix,8848e96de1fffff,0.0
phoenix,8848ebb4bdfffff,0.0
phoenix,8848ebb487fffff,0.0
phoenix,8848eba6a7fffff,0.0
phoenix,8848ebb485fffff,0.0
phoenix,8848eba6adfffff,0.0
phoenix,8848e96d37fffff,0.0
phoenix,8829b6d317fffff,0.0
phoenix,8829b6d33bfffff,0.0
phoenix,8829b6d66dfffff,1.564621925354004e-07
phoenix,8829b6d101fffff,1.475139697881291e-07
phoenix,8829b6d315fffff,3.687849244703228e-08
phoenix,8829b6d02dfffff,0.0
phoenix,8829b6d115fffff,0.0
phoenix,8829b6c119fffff,1.043081283569336e-07
phoenix,8829b6d157fffff,0.0
phoenix,8829b6d363fffff,0.0
phoenix,8848eba4d9fffff,2.950279395762582e-07
phoenix,8829b6d365fffff,0.0
phoenix,8848eba4c5fffff,0.0
phoenix,8829b6d367fffff,0.0
phoenix,8829b6d361fffff,0.0
phoenix,8829b6d149fffff,0.0
phoenix,8829b6d323fffff,0.0
phoenix,8829b6d30bfffff,0.0
phoenix,8848ebb49bfffff,0.0
phoenix,8829b6d22dfffff,0.0
phoenix,8848e96995fffff,0.0
phoenix,8848e969d5fffff,0.0
phoenix,8829b6c343fffff,0.0
phoenix,8848eba60bfffff,0.0
phoenix,8829b6c103fffff,0.0
phoenix,8829b6c363fffff,0.0
phoenix,8829b6c34dfffff,0.0
phoenix,8829b6dad9fffff,0.0
phoenix,8829b6c321fffff,0.0
phoenix,8829b6d831fffff,0.0
phoenix,8829b6d14bfffff,0.0
phoenix,8829b6d141fffff,0.0
phoenix,8829b6da93fffff,0.0
phoenix,8829b6c03dfffff,0.0
phoenix,8829b6d2bbfffff,0.0
phoenix,8829b6d227fffff,0.0
phoenix,8829b6c027fffff,0.0
phoenix,8848e96de7fffff,0.0
phoenix,8848e96d2dfffff,0.0
phoenix,8829b6c255fffff,0.0
phoenix,8848e969c3fffff,0.0
phoenix,8848e969ddfffff,0.0
phoenix,8829b6d839fffff,0.0
phoenix,8848eba6c1fffff,0.0
phoenix,8848eba615fffff,7.375698489406456e-08
phoenix,8848eba63bfffff,0.0
phoenix,8829b6d241fffff,0.0
phoenix,8829b6d24bfffff,0.0
phoenix,8848e96d91fffff,0.0
phoenix,8848eba69bfffff,0.05104244951115337
phoenix,8848e969d1fffff,0.0
phoenix,8829b6c11dfffff,0.0
phoenix,8829b6d8a5fffff,0.0
phoenix,8848e96b35fffff,0.0
phoenix,8848e96d67fffff,0.0
phoenix,8829b6c031fffff,0.0
phoenix,8848e96de3fffff,2.950279395762582e-07
phoenix,8829b6c033fffff,0.0
phoenix,8829b6d243fffff,0.0
phoenix,8829b6d36bfffff,0.0
phoenix,8829b6c2bdfffff,0.0
phoenix,8829b6d127fffff,0.0
phoenix,8829b6d26dfffff,0.0
phoenix,8829b6d245fffff,0.0
phoenix,8829b6d815fffff,0.0
phoenix,8829b6d06dfffff,0.0
phoenix,8829b6d837fffff,0.0
phoenix,8829b6d9d7fffff,0.0
phoenix,8829b6c105fffff,0.0
phoenix,8848e96d31fffff,0.0
phoenix,8848eba683fffff,0.0
phoenix,8829b6c213fffff,0.0
phoenix,8829b6c221fffff,0.0
phoenix,8848e96d3dfffff,0.0
phoenix,8829b6c139fffff,0.0
phoenix,8829b6d1adfffff,8.344650268554688e-07
phoenix,8829b6c1d9fffff,0.0
phoenix,8848eba4cbfffff,0.0
phoenix,8848eba691fffff,1.1260314689924638
phoenix,8829b6d369fffff,0.0
phoenix,8829b6d25dfffff,0.0
phoenix,8829b6d123fffff,0.0
phoenix,8848eba6c9fffff,0.0
phoenix,8829b6d135fffff,0.0
phoenix,8848ebb4abfffff,0.0
phoenix,8848e96d07fffff,0.0
phoenix,8848eba4e3fffff,0.0
phoenix,8848e96925fffff,0.0
phoenix,8848eba611fffff,0.0
phoenix,8829b6dad1fffff,0.0
phoenix,8829b6dad3fffff,0.0
phoenix,8848eba4c9fffff,0.0
phoenix,8848eba4c1fffff,0.0
phoenix,8848e96c01fffff,0.0
phoenix,8848e96c05fffff,0.0
phoenix,8848e96c47fffff,0.0
phoenix,8848e96c0dfffff,0.0
phoenix,8848eba4e9fffff,0.0
phoenix,8848e96c21fffff,0.0
phoenix,8848e96c29fffff,0.0
phoenix,8848eba6b3fffff,0.0
phoenix,8829b6d36dfffff,0.0
phoenix,8848eba6b7fffff,1.4190612794255668
phoenix,8848e96c2dfffff,0.0
phoenix,8848e96c67fffff,0.0
phoenix,8848e96d5bfffff,0.0
phoenix,8848e96d53fffff,0.0
phoenix,8848e96c25fffff,0.0
phoenix,8829b6d1b1fffff,0.0
phoenix,8848e96d55fffff,0.0
phoenix,8848e96d51fffff,0.0
phoenix,8848e96d59fffff,0.0
phoenix,8848e96d5dfffff,0.0
phoenix,8848e96d1dfffff,0.0
phoenix,8848e96d15fffff,0.0
phoenix,8848e96d17fffff,0.0
phoenix,8848e96de9fffff,0.0
phoenix,8848e96dedfffff,0.0
phoenix,8829b6da9bfffff,0.0
phoenix,8848e96d09fffff,0.0
phoenix,8848e96d0bfffff,0.0
phoenix,8848e96d01fffff,0.0
phoenix,8848e96d03fffff,0.0
phoenix,8848e96d39fffff,0.0
phoenix,8848e96d3bfffff,0.0
phoenix,8829b6dad5fffff,0.0
phoenix,8829b6c265fffff,0.0
phoenix,8829b6da8dfffff,0.0
phoenix,8829b6da89fffff,0.0
phoenix,8829b6dac3fffff,0.0
phoenix,8848e96d2bfffff,0.0
phoenix,8848e96d05fffff,0.0
phoenix,8829b6dae7fffff,0.0
phoenix,8848e96d47fffff,0.0
phoenix,8848e96d4bfffff,0.0
phoenix,8829b6d137fffff,0.0
phoenix,8829b6dacbfffff,0.0
phoenix,8829b6dac7fffff,0.0
phoenix,8848eba4adfffff,0.0
phoenix,8848eba4a9fffff,0.0
phoenix,8848e96997fffff,0.0
phoenix,8848e969dbfffff,0.0
phoenix,8848e969d3fffff,0.0
phoenix,8848eba6b5fffff,0.0
phoenix,8848e96c07fffff,0.0
phoenix,8848e96c03fffff,0.0
phoenix,8848e96c63fffff,0.0
phoenix,8848e96c0bfffff,0.0
phoenix,8848e96d8bfffff,0.0
phoenix,8829b6d647fffff,0.0
phoenix,8848e96d43fffff,0.0
phoenix,8848e96d57fffff,0.0
phoenix,8848e96d19fffff,0.0
phoenix,8848e96d0dfffff,0.0
phoenix,8848e96c09fffff,0.0
phoenix,8829b6c107fffff,0.0
phoenix,8829b6c0e7fffff,0.0
phoenix,8829b6c0e5fffff,0.0
phoenix,8829b6c1dbfffff,0.0
phoenix,8848ebb4a3fffff,0.0
phoenix,8848e96d95fffff,0.0
phoenix,8848e96dd7fffff,0.0
phoenix,8829b6d24dfffff,0.0
phoenix,8848e96c2bfffff,0.0
phoenix,8848e96d9dfffff,0.0
phoenix,8848eba6bbfffff,0.0
vienna,881e15b715fffff,0.0
vienna,881e15b711fffff,0.0
vienna,881e15b71dfffff,0.0
vienna,881e15b0d9fffff,0.0
vienna,881e15b0dbfffff,0.0
vienna,881e15b767fffff,5.21540641784668e-08
vienna,881e15b72dfffff,0.0
vienna,881e15b729fffff,0.0
vienna,881e15b72bfffff,0.0
vienna,881e15b707fffff,0.0
vienna,881e15b727fffff,0.0
vienna,881e15b725fffff,0.0
vienna,881e15b0d3fffff,0.0
vienna,881e15b0d7fffff,0.0
vienna,881e15b0d1fffff,0.0
vienna,881e15b739fffff,0.0
vienna,881e15b73bfffff,0.0
vienna,881e15b73dfffff,0.0
vienna,881e15b703fffff,0.0
vienna,881e15b763fffff,0.0
vienna,881e15b76dfffff,0.0
vienna,881e15b765fffff,0.0
vienna,881e15b70dfffff,0.0
vienna,881e15b761fffff,0.0
vienna,881e15b76bfffff,0.0
vienna,881e15b705fffff,0.0
vienna,881e15b701fffff,0.0
vienna,881e15b70bfffff,0.0
vienna,881e15b757fffff,0.0
vienna,881e15b62dfffff,0.0
vienna,881e15b629fffff,0.0
vienna,881e15b621fffff,0.0
vienna,881e15b62bfffff,0.0
vienna,881e15b63dfffff,0.925892814929263
vienna,881e15b2b7fffff,0.0
vienna,881e15b2b5fffff,0.0
vienna,881e15b2a3fffff,0.0
vienna,881e15b2a1fffff,0.0
vienna,881e15b053fffff,0.0
vienna,881e15b2adfffff,0.0
vienna,881e15b2a5fffff,0.0
vienna,881e15a24dfffff,0.0
vienna,881e15b19bfffff,0.0
vienna,881e15a241fffff,0.0
vienna,881e15b0a3fffff,0.0
vienna,881e15b0b5fffff,0.0
vienna,881e15b0bdfffff,0.0
vienna,881e15b0b9fffff,0.0
vienna,881e15b0b1fffff,0.0
vienna,881e15b0b7fffff,0.0
vienna,881e15a25dfffff,0.0
vienna,881e15a255fffff,0.0
vienna,881e15a257fffff,0.0
vienna,881e15a251fffff,0.0
vienna,881e15a259fffff,0.0
vienna,881e15b0b3fffff,0.0
vienna,881e15b565fffff,0.0
vienna,881e15b0bbfffff,0.0
vienna,881e15b095fffff,0.0
vienna,881e15b09dfffff,0.0
vienna,881e15b097fffff,0.0
vienna,881e15b093fffff,0.0
vienna,881e15b569fffff,0.0
vienna,881e15b091fffff,0.0
vienna,881e15b099fffff,0.0
vienna,881e15b56dfffff,0.0
vienna,881e15b561fffff,0.0
vienna,881e15b0ddfffff,0.0
vienna,881e15b54dfffff,0.0
vienna,881e15b545fffff,0.0
vienna,881e15b56bfffff,0.0
vienna,881e15b563fffff,0.0
vienna,881e15b521fffff,0.0
vienna,881e064dadfffff,0.0
vienna,881e064da9fffff,0.0
vienna,881e064dabfffff,0.0
vienna,881e064de3fffff,0.0
vienna,881e064de7fffff,0.0
vienna,881e064db5fffff,0.0
vienna,881e064db7fffff,0.0
vienna,881e15b755fffff,0.0
vienna,881e15b751fffff,0.0
vienna,881e15b723fffff,0.0
vienna,881e15b083fffff,0.0
vienna,881e15b719fffff,0.0
vienna,881e15b717fffff,0.0
vienna,881e15b743fffff,0.0
vienna,881e15b52dfffff,0.0
vienna,881e15a253fffff,0.0
vienna,881e15b735fffff,0.0
vienna,881e15b71bfffff,0.0
vienna,881e15b713fffff,0.0
vienna,881e15b721fffff,0.0
vienna,881e15b747fffff,0.0
vienna,881e15b08bfffff,0.0
vienna,881e15b2b3fffff,0.0
vienna,881e15b0d5fffff,0.0
vienna,881e15b087fffff,0.0
vienna,881e15b759fffff,0.0
vienna,881e15b75dfffff,0.0
vienna,881e15b469fffff,0.0
vienna,881e15b667fffff,0.0
vienna,881e15b0cbfffff,0.0
vienna,881e15b549fffff,0.0
vienna,881e15b2bbfffff,0.0
vienna,881e15b505fffff,0.0
vienna,881e15b52bfffff,0.0
vienna,881e15b507fffff,0.0
vienna,881e15a24bfffff,0.0
vienna,881e15a249fffff,0.0
vienna,881e15a243fffff,0.0
vienna,881e15a219fffff,0.0
vienna,881e15b2b1fffff,0.0
vienna,881e15b2bdfffff,0.0
vienna,881e15b75bfffff,0.0
vienna,881e15b605fffff,2.3721533837633952
vienna,881e15b2a7fffff,0.0
vienna,881e15b2a9fffff,0.0
vienna,881e15b2abfffff,0.0
vienna,881e15b287fffff,0.0
vienna,881e15b631fffff,6.537565027141881
vienna,881e15b633fffff,0.29236789467553226
vienna,881e15b459fffff,3.195651448987548
vienna,881e15b63bfffff,0.1054978745791971
vienna,881e15b6edfffff,4.328380819487443
vienna,881e15b617fffff,7.839384455175923
vienna,881e15b61bfffff,2.2313667799938863
vienna,881e15b603fffff,3.5223122285895925
vienna,881e15b601fffff,1.6211329457002965
vienna,881e15b441fffff,1.4383448255263056
vienna,881e15b445fffff,0.0
vienna,881e15b733fffff,0.0
vienna,881e15b46dfffff,0.0
vienna,881e15b709fffff,0.0
vienna,881e15b769fffff,0.0
vienna,881e15b297fffff,0.0
vienna,881e15b54bfffff,0.0
vienna,881e15b737fffff,0.0
vienna,881e15b731fffff,0.0
vienna,881e15b609fffff,2.141152482562653
vienna,881e15b0c3fffff,0.0
vienna,881e15b60dfffff,0.9602549610096186
vienna,881e15b639fffff,7.390844024868348
vienna,881e064cadfffff,0.0
vienna,881e064ca5fffff,0.0
vienna,881e15b645fffff,5.758261459624945
vienna,881e15b66bfffff,1.6914493336210747
vienna,881e064ca3fffff,2.0743015558528413
vienna,881e064cbdfffff,10.0080082444884
vienna,881e067969fffff,0.0
vienna,881e15b567fffff,0.0
vienna,881e15b457fffff,5.521832466875964
vienna,881e15b455fffff,0.6574710977001581
vienna,881e15b401fffff,0.0
vienna,881e15b403fffff,0.0
vienna,881e15b40bfffff,1.670272259058495
vienna,881e15b4b1fffff,2.4581298240548612
vienna,881e15b44dfffff,0.0
vienna,881e15b45dfffff,3.5841024073199645
vienna,881e15b44bfffff,1.8007277114325881
vienna,881e15b449fffff,0.0
vienna,881e15b55dfffff,0.0
vienna,881e15b559fffff,0.0
vienna,881e15b42dfffff,0.0
vienna,881e15b55bfffff,0.0
vienna,881e15b553fffff,0.0
vienna,881e15b41dfffff,5.854630469818827
vienna,881e15b663fffff,0.13906390597689974
vienna,881e15b465fffff,0.0
vienna,881e15b753fffff,0.0
vienna,881e15b65dfffff,16.286899215650557
vienna,881e15b651fffff,5.923940177654088
vienna,881e15b659fffff,0.8597062832022501
vienna,881e15b635fffff,3.993063130922976
vienna,881e15b295fffff,0.0
vienna,881e15b2b9fffff,0.0
vienna,881e15b283fffff,0.0
vienna,881e15b541fffff,0.0
vienna,881e064d87fffff,0.0
vienna,881e064d83fffff,0.0
vienna,881e15b74dfffff,0.0
vienna,881e15b655fffff,2.842956695797721
vienna,881e15b643fffff,3.0166317307252997
vienna,881e15b647fffff,0.37426883890495344
vienna,881e15b641fffff,9.099041750978085
vienna,881e15b60bfffff,1.1861766306813277
vienna,881e15b657fffff,7.990843565871112
vienna,881e15b463fffff,0.0
vienna,881e15b429fffff,0.0
vienna,881e15b447fffff,0.0
vienna,881e15b409fffff,0.0
vienna,881e15b415fffff,0.0
vienna,881e15b411fffff,0.8973963140770588
vienna,881e15b425fffff,0.0
vienna,881e15b51bfffff,0.0
vienna,881e15b5e9fffff,0.0
vienna,881e15b5e1fffff,0.0
vienna,881e15b443fffff,2.1933707403048026
vienna,881e15b625fffff,0.0
vienna,881e15b40dfffff,0.0
vienna,881e15b555fffff,0.0
vienna,881e067965fffff,1.1196024583494428
vienna,881e15b42bfffff,0.0
vienna,881e15b423fffff,0.0
vienna,881e15b461fffff,0.0
vienna,881e15b6e1fffff,10.095847304410443
vienna,881e15b6e3fffff,3.302847011018988
vienna,881e15b6abfffff,2.0446107350082565
vienna,881e15b6bdfffff,6.922987968929612
vienna,881e15b6b1fffff,6.281524672433086
vienna,881e066b65fffff,9.776859574788924
vienna,881e066b67fffff,5.069680460688694
vienna,881e15b433fffff,3.2807159797272143
vienna,881e15b5c9fffff,0.0
vienna,881e15b5c1fffff,0.0
vienna,881e15b513fffff,0.0
vienna,881e15b5dbfffff,0.0
vienna,881e15b4e7fffff,2.738204375003883
vienna,881e15b4e5fffff,9.42779975044012
vienna,881e15b511fffff,0.0
vienna,881e15b523fffff,0.0
vienna,881e15b46bfffff,0.0
vienna,881e15b435fffff,2.034057762183984
vienna,881e15b5cbfffff,3.2841096102774303
vienna,881e15b5d1fffff,1.4339681146239602
vienna,881e15b5d3fffff,7.898646687649526
vienna,881e15b5ddfffff,0.8114072019153848
vienna,881e15b5d7fffff,0.6662929986018263
vienna,881e15b407fffff,0.0
vienna,881e15b439fffff,0.0
vienna,881e15b43dfffff,0.0
vienna,881e15b6e7fffff,6.219217206560629
vienna,881e06793bfffff,1.4422272959274833
vienna,881e0679edfffff,0.5109240495521759
vienna,881e06793dfffff,0.0
vienna,881e067931fffff,0.0
vienna,881e15b6a3fffff,11.201440294227067
vienna,881e15b6a1fffff,8.993758780293199
vienna,881e15b6a9fffff,9.32111789508661
vienna,881e15b6a7fffff,5.381380269331637
vienna,881e067927fffff,8.401343898311033
vienna,881e067923fffff,4.981467955832744
vienna,881e15b4c9fffff,3.6362549946409395
vienna,881e15b4cdfffff,1.7125437155179293
vienna,881e15b413fffff,0.0
vienna,881e15b4c5fffff,3.054026316904022
vienna,881e15b6adfffff,11.697235754856075
vienna,881e15b6a5fffff,4.986096251553708
vienna,881e15b419fffff,0.965771220653982
vienna,881e15b453fffff,1.427809358620712
vienna,881e15b6dbfffff,0.0
vienna,881e15b6ddfffff,6.237559460832727
vienna,881e15b6d1fffff,11.485301553510757
vienna,881e15b6d7fffff,1.3937140231366765
vienna,881e15b6d3fffff,0.0
vienna,881e15b6d5fffff,5.549656232774138
vienna,881e0679a5fffff,0.0
vienna,881e0679a7fffff,1.8882260684014145
vienna,881e15b531fffff,0.0
vienna,881e15b089fffff,0.0
vienna,881e15b081fffff,0.0
vienna,881e15b509fffff,0.0
vienna,881e15b417fffff,0.15986235024293946
vienna,881e15b623fffff,1.9252806807532419
vienna,881e15b627fffff,0.0
vienna,881e15b405fffff,0.0
vienna,881e15b431fffff,4.627318347616438
vienna,881e15b4adfffff,6.218470135912304
vienna,881e15b599fffff,0.0
vienna,881e15b4a5fffff,2.038155003662663
vienna,881e15b591fffff,0.0
vienna,881e15b595fffff,0.0
vienna,881e15b59dfffff,0.0
vienna,881e15b4a9fffff,3.1779131747989875
vienna,881e15b535fffff,0.0
vienna,881e15b539fffff,0.0
vienna,881e067963fffff,5.832768373748078
vienna,881e067929fffff,6.263378779867321
vienna,881e067967fffff,2.374072299779715
vienna,881e06792dfffff,12.357748302265774
vienna,881e15b45bfffff,5.515226493210031
vienna,881e15b74bfffff,0.0
vienna,881e15b741fffff,0.0
vienna,881e064da7fffff,0.0
vienna,881e15b29bfffff,0.0
vienna,881e15b4e3fffff,0.6068272514653433
vienna,881e15b529fffff,0.0
vienna,881e15b543fffff,0.0
vienna,881e15b0c7fffff,0.0
vienna,881e15b467fffff,0.0
vienna,881e15b551fffff,0.0
vienna,881e15b557fffff,0.0
vienna,881e15b519fffff,0.0
vienna,881e06796bfffff,1.0522242818684058
vienna,881e064c97fffff,4.086523528049156
vienna,881e067915fffff,2.539744327691771
vienna,881e064cb5fffff,6.418451580394803
vienna,881e15b5edfffff,0.0
vienna,881e064cb7fffff,6.735156485028231
vienna,881e064cb3fffff,1.996446906073868
vienna,881e06796dfffff,4.112735413777116
vienna,881e064c91fffff,0.0
vienna,881e067905fffff,2.026462187403196
vienna,881e067961fffff,9.799247062029833
vienna,881e15a25bfffff,0.0
vienna,881e15b611fffff,5.601517012652162
vienna,881e064c93fffff,7.375698489406456e-08
vienna,881e067925fffff,7.827940346177407
vienna,881e067933fffff,2.1749402170631336
vienna,881e15b61dfffff,3.2817727625852586
vienna,881e06792bfffff,0.680205741692122
vienna,881e064c95fffff,1.5749061134612323
vienna,881e067907fffff,0.0
vienna,881e15b6cdfffff,3.4445260146748593
vienna,881e15b613fffff,5.540513550273825
vienna,881e15b6e9fffff,11.597841801029205
vienna,881e15b619fffff,4.252427467847074
vienna,881e15b607fffff,4.075285175925056
vienna,881e064ca7fffff,1.1403021916235654
vienna,881e15b65bfffff,2.7664973080577715
vienna,881e15b653fffff,2.6583238455816707
vienna,881e15b0abfffff,0.0
vienna,881e067921fffff,3.2751663846538563
vienna,881e064cb9fffff,8.17740212392062
vienna,881e15b525fffff,0.0
vienna,881e15a21dfffff,0.0
vienna,881e15b649fffff,7.961560783730389
vienna,881e15b661fffff,0.0
vienna,881e15b749fffff,0.0
vienna,881e064db3fffff,0.0
vienna,881e15b09bfffff,0.0
vienna,881e15b665fffff,0.0
vienna,881e15b66dfffff,0.0
vienna,881e15b669fffff,0.0
vienna,881e064db1fffff,0.0
vienna,881e15b503fffff,0.0
vienna,881e15b50bfffff,0.0
vienna,881e15b501fffff,0.0
vienna,881e15b6ebfffff,8.18960355762521
vienna,881e15b6c5fffff,6.145924407869529
vienna,881e15b6e5fffff,6.6567773527008045
vienna,881e064d97fffff,0.0
vienna,881e064d93fffff,0.0
vienna,881e064d91fffff,0.0
vienna,881e064d95fffff,0.0
vienna,881e064dbbfffff,0.0
vienna,881e064d9dfffff,0.0
vienna,881e15b64bfffff,9.903784625862624
vienna,881e064cb1fffff,2.093167166292031
vienna,881e15b547fffff,0.0
vienna,881e15b5ebfffff,0.0
vienna,881e15b421fffff,0.0
vienna,881e15b427fffff,0.0
vienna,881e15b50dfffff,0.0
vienna,881e064da3fffff,0.0
vienna,881e15b5d5fffff,0.0
vienna,881e15b581fffff,0.0
vienna,881e15b58bfffff,1.043081283569336e-07
vienna,881e15b589fffff,0.0
vienna,881e15b5c3fffff,0.0
vienna,881e15b685fffff,7.151765479427336
vienna,881e15b51dfffff,0.0
vienna,881e15b689fffff,7.304067823391872
vienna,881e15b68bfffff,2.06072066294083
vienna,881e15b6c3fffff,2.379182269511196
vienna,881e15b437fffff,9.694680331707453
vienna,881e15b08dfffff,0.0
vienna,881e15b745fffff,0.0
vienna,881e064dbdfffff,1.475139697881291e-07
vienna,881e064da1fffff,0.0
vienna,881e064db9fffff,2.086162567138672e-07
vienna,881e15b637fffff,0.1793850272579724
vienna,881e15a245fffff,0.0
vienna,881e064d9bfffff,0.0
vienna,881e15b193fffff,0.0
vienna,881e15b41bfffff,6.144511859751926
vienna,881e15b4c1fffff,5.355546519512911
vienna,881e15b4cbfffff,0.0
vienna,881e15b6b5fffff,3.2830578694680206
vienna,881e15b687fffff,4.819802297716809
vienna,881e067917fffff,1.616748517492075
vienna,881e15b0a7fffff,0.0
vienna,881e15b451fffff,1.3707634450176969
vienna,881e15b4c3fffff,0.23130071228801508
vienna,881e067935fffff,0.2623396105918507
vienna,881e15b6c9fffff,3.383917244865596
vienna,881e15b6d9fffff,1.43188132203677
vienna,881e15b68dfffff,6.462958377422005
vienna,881e15b681fffff,5.78645166548836
vienna,881e15b683fffff,3.12496220917258
vienna,881e064c83fffff,0.4913549862684811
vienna,881e064c87fffff,0.29419923042436685
vienna,881e15b285fffff,0.0
vienna,881e15b517fffff,0.0
vienna,881e15b515fffff,0.0
vienna,881e15b53dfffff,0.0
vienna,881e15b5c5fffff,0.0
vienna,881e15b5cdfffff,0.0
vienna,881e15b4d1fffff,0.0
vienna,881e066b6dfffff,4.629248644099153
vienna,881e15b4d9fffff,4.902826046665467
vienna,881e15b4dbfffff,7.883154099509489
vienna,881e15b6b3fffff,3.4415099717073563
vienna,881e066b63fffff,0.3101094520187427
vienna,881e066b61fffff,6.219372347627341
vienna,881e066b45fffff,2.3604815595588104
vienna,881e066b69fffff,1.70802246077297
vienna,881e066b6bfffff,0.9889685767428548
vienna,881e15b697fffff,5.742641774783836
vienna,881e15b615fffff,3.4413263416948223
vienna,881e064cbbfffff,0.0
vienna,881e15b6b7fffff,2.9567399643768493
vienna,881e15b6c7fffff,2.704062104406256
vienna,881e15b6c1fffff,3.4899864858673877
vienna,881e15b6cbfffff,0.0
vienna,881e15b293fffff,0.0
vienna,881e15b291fffff,0.0
vienna,881e15b4a3fffff,3.3823085689698362
vienna,881e15b4a1fffff,5.030454527579693
vienna,881e15b4a7fffff,0.0
vienna,881e15b69dfffff,5.492707088952322
vienna,881e15b5e3fffff,0.0
vienna,881e15b693fffff,0.6674630537193057
vienna,881e15b691fffff,0.8974251529590178
vienna,881e15b69bfffff,2.106176422698035
vienna,881e066b4dfffff,0.2561079582912087
vienna,881e15b59bfffff,0.0
vienna,881e15b2e3fffff,0.0
vienna,881e15b5e7fffff,0.0
vienna,881e15b0a1fffff,0.0
vienna,881e15b6b9fffff,6.9637255151118405
vienna,881e15b533fffff,0.0
vienna,881e15b5e5fffff,0.0
vienna,881e15b53bfffff,0.0
vienna,881e15b537fffff,0.0
vienna,881e064c9dfffff,0.0
vienna,881e15b48dfffff,0.0
vienna,881e15b4c7fffff,0.0
vienna,881e15b4e1fffff,2.952835773119038
vienna,881e15b4e9fffff,0.0
vienna,881e15b6bbfffff,1.3943875781207675
vienna,881e15b695fffff,7.682671111150607
vienna,881e15b481fffff,3.031458532434792
vienna,881e15b487fffff,0.0
vienna,881e15b4bdfffff,0.09505455070891577
vienna,881e15b4b9fffff,0.0
vienna,881e15b43bfffff,0.0
vienna,881e15b4edfffff,0.1170411100342042
vienna,881e15b4abfffff,3.004099368674613
vienna,881e15b4ebfffff,0.0
vienna,881e15b485fffff,0.6327158651702047
vienna,881e064da5fffff,0.0
vienna,881e064d99fffff,0.0
vienna,881e064dd3fffff,0.0
vienna,881e064d8bfffff,0.0
vienna,881e15b64dfffff,0.8274036494789169
vienna,881e064d85fffff,0.0
vienna,881e15b583fffff,0.0
vienna,881e15b4b5fffff,0.0
vienna,881e067913fffff,0.0
